SL,Program,Course Code,Title,Section,Room1,Room2,Day1,Day2,Time1,Time2,Faculty Name,Faculty,Credit
1,BSCSE,ACT 2111,Financial and Managerial Accounting,A,,,Sat,Tue,08:30:AM - 09:50:AM,08:30:AM - 09:50:AM,Ishrat Jahan,IJ,3
2,BSCSE,ACT 2111,Financial and Managerial Accounting,B,,,Sat,Tue,12:31:PM - 01:50:PM,12:31:PM - 01:50:PM,Ishrat Jahan,IJ,3
3,BSCSE,ACT 2111,Financial and Managerial Accounting,C (If Required),,,Sun,Wed,08:30:AM - 09:50:AM,08:30:AM - 09:50:AM,TBA,TBA,3
4,BSCSE,BDS 1201,History of the Emergence of Bangladesh,AA,228,228,Sat,Tue,09:51:AM - 11:10:AM,09:51:AM - 11:10:AM,Taniah Mahmuda Tinni,TMT,2
5,BSCSE,BDS 1201,History of the Emergence of Bangladesh,AB,228,228,Sun,Wed,09:51:AM - 11:10:AM,09:51:AM - 11:10:AM,Salma Begum,SaB,2
6,BSCSE,BDS 1201,History of the Emergence of Bangladesh,AC,229,229,Sat,Tue,08:30:AM - 09:50:AM,08:30:AM - 09:50:AM,Mallika Datta,MD,2
7,BSCSE,BDS 1201,History of the Emergence of Bangladesh,AD,229,229,Sun,Wed,08:30:AM - 09:50:AM,08:30:AM - 09:50:AM,Taniah Mahmuda Tinni,TMT,2
8,BSCSE,BDS 1201,History of the Emergence of Bangladesh,AE,229,229,Sat,Tue,12:31:PM - 01:50:PM,12:31:PM - 01:50:PM,Mosharof Hossain,MfHn,2
9,BSCSE,BDS 1201,History of the Emergence of Bangladesh,AF,228,228,Sun,Wed,12:31:PM - 01:50:PM,12:31:PM - 01:50:PM,TBA,TBA,2
10,BSCSE,BDS 1201,History of the Emergence of Bangladesh,AG,228,228,Sat,Tue,11:11:AM - 12:30:PM,11:11:AM - 12:30:PM,TBA,TBA,2
11,BSCSE,BDS 1201,History of the Emergence of Bangladesh,AH,228,228,Sun,Wed,11:11:AM - 12:30:PM,11:11:AM - 12:30:PM,TBA,TBA,2
12,BSCSE,BDS 1201,History of the Emergence of Bangladesh,AI,301,301,Sat,Tue,12:31:PM - 01:50:PM,12:31:PM - 01:50:PM,Al Jamal Mustafa Shindaini,AJMSh,2
13,BSCSE,BDS 1201,History of the Emergence of Bangladesh,AJ,229,229,Sun,Wed,12:31:PM - 01:50:PM,12:31:PM - 01:50:PM,Nazmul Huda,NaHu,2
14,BSCSE,BDS 1201,History of the Emergence of Bangladesh,AK (If Required),228,228,Sun,Wed,01:51:PM - 03:10:PM,01:51:PM - 03:10:PM,TBA,TBA,2
15,BSCSE,BDS 1201,History of the Emergence of Bangladesh,AL (If Required),229,229,Sun,Wed,01:51:PM - 03:10:PM,01:51:PM - 03:10:PM,TBA,TBA,2
16,BSCSE,BIO 3105,Biology for Engineers,A,229,229,Sat,Tue,11:11:AM - 12:30:PM,11:11:AM - 12:30:PM,Hasin Anupama Azhari,HAA,3
17,BSCSE,BIO 3105,Biology for Engineers,B,229,229,Sun,Wed,11:11:AM - 12:30:PM,11:11:AM - 12:30:PM,Hasin Anupama Azhari,HAA,3
18,BSCSE,BIO 3105,Biology for Engineers,C,229,229,Sat,Tue,09:51:AM - 11:10:AM,09:51:AM - 11:10:AM,Nahid Tamanna,NaTa,3
19,BSCSE,BIO 3105,Biology for Engineers,D,229,229,Sun,Wed,09:51:AM - 11:10:AM,09:51:AM - 11:10:AM,Md. Belal Hussain Ripon,BHR,3
20,BSCSE,BIO 3105,Biology for Engineers,E,301,301,Sun,Wed,01:51:PM - 03:10:PM,01:51:PM - 03:10:PM,S.M. Rafiqul Islam,SMRI,3
21,BSCSE,BIO 3105,Biology for Engineers,F,228,228,Sat,Tue,01:51:PM - 03:10:PM,01:51:PM - 03:10:PM,Hasin Anupama Azhari,HAA,3
22,BSCSE,BIO 3105,Biology for Engineers,H,301,301,Sun,Wed,12:31:PM - 01:50:PM,12:31:PM - 01:50:PM,Md. Belal Hussain Ripon,BHR,3
23,BSCSE,BIO 3105,Biology for Engineers,G,228,228,Sun,Wed,03:11:PM - 04:30:PM,03:11:PM - 04:30:PM,S.M. Rafiqul Islam,SMRI,3
24,BSCSE,BIO 3105,Biology for Engineers,I,302,302,Sat,Tue,12:31:PM - 01:50:PM,12:31:PM - 01:50:PM,Khalid Shahriar,TBA,3
25,BSCSE,BIO 3105,Biology for Engineers,J,301,301,Sun,Wed,08:30:AM - 09:50:AM,08:30:AM - 09:50:AM,Reefa Nawar,RNr,3
26,BSCSE,CSE 1110,Introduction to Computer Systems,A,326 (Computer Lab),,Sun,,08:30:AM - 11:00:AM,-,Mohmmad Ali,MoA,1
27,BSCSE,CSE 1110,Introduction to Computer Systems,B,326 (Computer Lab),,Sat,,08:30:AM - 11:00:AM,-,TBA,TBA,1
28,BSCSE,CSE 1110,Introduction to Computer Systems,C,326 (Computer Lab),,Wed,,08:30:AM - 11:00:AM,-,Mohmmad Ali,MoA,1
29,BSCSE,CSE 1110,Introduction to Computer Systems,D,326 (Computer Lab),,Tue,,08:30:AM - 11:00:AM,-,Hamudi Hasan Sonet,HHS,1
30,BSCSE,CSE 1110,Introduction to Computer Systems,E,327 (Computer Lab),,Sun,,11:11:AM - 01:40:PM,-,TBA,TBA,1
31,BSCSE,CSE 1110,Introduction to Computer Systems,F,326 (Computer Lab),,Sat,,11:11:AM - 01:40:PM,-,TBA,TBA,1
1,,,,,,CLASS ROUTINE 252,,,,,"monir@admin.uiu,ac.bd",,
,,,,,United International University,,,,,,,,
,,,,Course Offerings: Summer 2025 Trimester,,,,,,,,,
,,,,,,BSCSE/BSDS,,,,,,,
SL,Program,Course,Title,Section,Room1,Room2,Day1,Day2,Time1,Time2,Faculty Name,Faculty,Credit
,,Code,,,,,,,,,,Initial,
32,BSCSE,CSE 1110,Introduction to Computer Systems,M,326 (Computer Lab),,Tue,,11:11:AM - 01:40:PM,-,TBA,TBA,1
33,BSCSE,CSE 1110,Introduction to Computer Systems,N,327 (Computer Lab),,Tue,,08:30:AM - 11:00:AM,-,TBA,TBA,1
34,BSCSE,CSE 1110,Introduction to Computer Systems,O,327 (Computer Lab),,Wed,,08:30:AM - 11:00:AM,-,TBA,TBA,1
35,BSCSE,CSE 1110,Introduction to Computer Systems,P (if required),422 (Computer Lab),,Tue,,08:30:AM - 11:00:AM,-,TBA,TBA,1
36,BSCSE,CSE 1110,Introduction to Computer Systems,Q (if required),327 (Computer Lab),,Sun,,02:00:PM - 04:30:PM,-,TBA,TBA,1
37,BSCSE,CSE 1110,Introduction to Computer Systems,R (if required),326 (Computer Lab),,Mon,,08:30:AM - 11:00:AM,-,TBA,TBA,1
38,BSCSE,CSE 1110,Introduction to Computer Systems,G,326 (Computer Lab),,Sun,,02:00:PM - 04:30:PM,-,TBA,TBA,1
39,BSCSE,CSE 1110,Introduction to Computer Systems,H,326 (Computer Lab),,Tue,,02:00:PM - 04:30:PM,-,TBA,TBA,1
40,BSCSE,CSE 1110,Introduction to Computer Systems,I,326 (Computer Lab),,Wed,,02:00:PM - 04:30:PM,-,TBA,TBA,1
41,BSCSE,CSE 1110,Introduction to Computer Systems,J,327 (Computer Lab),,Tue,,02:00:PM - 04:30:PM,-,TBA,TBA,1
42,BSCSE,CSE 1110,Introduction to Computer Systems,K,326 (Computer Lab),,Sun,,11:11:AM - 01:40:PM,-,TBA,TBA,1
43,BSCSE,CSE 1110,Introduction to Computer Systems,L,327 (Computer Lab),,Sat,,08:30:AM - 11:00:AM,-,Hamudi Hasan Sonet,HHS,1
44,BSCSE,CSE 1111,Structured Programming Language,A,302,302,Sun,Wed,08:30:AM - 09:50:AM,08:30:AM - 09:50:AM,Mohammad Nurul Huda,MNH,3
45,BSCSE,CSE 1111,Structured Programming Language,B,301,301,Sat,Tue,08:30:AM - 09:50:AM,08:30:AM - 09:50:AM,Mohammad Nurul Huda,MNH,3
46,BSCSE,CSE 1111,Structured Programming Language,C,301,301,Sun,Wed,09:51:AM - 11:10:AM,09:51:AM - 11:10:AM,Mohammad Nurul Huda,MNH,3
47,BSCSE,CSE 1111,Structured Programming Language,D,303,303,Sat,Tue,09:51:AM - 11:10:AM,09:51:AM - 11:10:AM,Hasan Sarwar,HS,3
48,BSCSE,CSE 1111,Structured Programming Language,E,303,303,Sat,Tue,12:31:PM - 01:50:PM,12:31:PM - 01:50:PM,Mir Moynuddin Ahmed Shibly,MMAS,3
49,BSCSE,CSE 1111,Structured Programming Language,F,302,302,Sun,Wed,11:11:AM - 12:30:PM,11:11:AM - 12:30:PM,Md. Benzir Ahmed,MBAd,3
50,BSCSE,CSE 1111,Structured Programming Language,G,302,302,Sun,Wed,12:31:PM - 01:50:PM,12:31:PM - 01:50:PM,Md. Shohrab Hossain,MShH,3
51,BSCSE,CSE 1111,Structured Programming Language,H,302,302,Sat,Tue,11:11:AM - 12:30:PM,11:11:AM - 12:30:PM,Mohammad Nurul Huda,MNH,3
52,BSCSE,CSE 1111,Structured Programming Language,I,304,304,Sat,Tue,12:31:PM - 01:50:PM,12:31:PM - 01:50:PM,Samin Sharaf Somik,SSSk,3
53,BSCSE,CSE 1111,Structured Programming Language,J,303,303,Sun,Wed,12:31:PM - 01:50:PM,12:31:PM - 01:50:PM,Mir Moynuddin Ahmed Shibly,MMAS,3
54,BSCSE,CSE 1111,Structured Programming Language,K,304,304,Sat,Tue,09:51:AM - 11:10:AM,09:51:AM - 11:10:AM,Rahad Khan,RaK,3
55,BSCSE,CSE 1111,Structured Programming Language,L,303,303,Sun,Wed,08:30:AM - 09:50:AM,08:30:AM - 09:50:AM,Samin Sharaf Somik,SSSk,3
56,BSCSE,CSE 1112,Structured Programming Language Laboratory,A,327 (Computer Lab),,Sat,,11:11:AM - 01:40:PM,-,TBA,TBA,1
57,BSCSE,CSE 1112,Structured Programming Language Laboratory,B,327 (Computer Lab),,Tue,,11:11:AM - 01:40:PM,-,TBA,TBA,1
58,BSCSE,CSE 1112,Structured Programming Language Laboratory,C,422 (Computer Lab),,Sun,,11:11:AM - 01:40:PM,-,Shoib Ahmed Shourav,SAhSh,1
59,BSCSE,CSE 1112,Structured Programming Language Laboratory,D,326 (Computer Lab),,Wed,,11:11:AM - 01:40:PM,-,Shoib Ahmed Shourav,SAhSh,1
60,BSCSE,CSE 1112,Structured Programming Language Laboratory,E,423 (Computer Lab),,Sun,,11:11:AM - 01:40:PM,-,Samin Sharaf Somik,SSSk,1
61,BSCSE,CSE 1112,Structured Programming Language Laboratory,F,422 (Computer Lab),,Tue,,02:00:PM - 04:30:PM,-,Minhajul Bashir,MiBa,1
62,BSCSE,CSE 1112,Structured Programming Language Laboratory,M,327 (Computer Lab),,Wed,,11:11:AM - 01:40:PM,-,Samin Sharaf Somik,SSSk,1
2,,,,,,CLASS ROUTINE 252,,,,,"monir@admin.uiu,ac.bd",,
,,,,,United International University,,,,,,,,
,,,,Course Offerings: Summer 2025 Trimester,,,,,,,,,
,,,,,,BSCSE/BSDS,,,,,,,
SL,Program,Course,Title,Section,Room1,Room2,Day1,Day2,Time1,Time2,Faculty Name,Faculty,Credit
,,Code,,,,,,,,,,Initial,
63,BSCSE,CSE 1112,Structured Programming Language Laboratory,N,422 (Computer Lab),,Wed,,11:11:AM - 01:40:PM,-,Rahad Khan,RaK,1
64,BSCSE,CSE 1112,Structured Programming Language Laboratory,O,422 (Computer Lab),,Wed,,02:00:PM - 04:30:PM,-,TBA,TBA,1
65,BSCSE,CSE 1112,Structured Programming Language Laboratory,G,422 (Computer Lab),,Sun,,02:00:PM - 04:30:PM,-,TBA,TBA,1
66,BSCSE,CSE 1112,Structured Programming Language Laboratory,H,422 (Computer Lab),,Sat,,08:30:AM - 11:00:AM,-,Minhajul Bashir,MiBa,1
67,BSCSE,CSE 1112,Structured Programming Language Laboratory,I,423 (Computer Lab),,Tue,,08:30:AM - 11:00:AM,-,Khushnur Binte Jahangir,KBJ,1
68,BSCSE,CSE 1112,Structured Programming Language Laboratory,J,327 (Computer Lab),,Sun,,08:30:AM - 11:00:AM,-,Nabila Sabrin Sworna,NSS,1
69,BSCSE,CSE 1112,Structured Programming Language Laboratory,K,422 (Computer Lab),,Wed,,08:30:AM - 11:00:AM,-,Nabila Sabrin Sworna,NSS,1
70,BSCSE,CSE 1112,Structured Programming Language Laboratory,L,327 (Computer Lab),,Wed,,08:30:AM - 11:00:AM,-,TBA,TBA,1
71,BSCSE,CSE 1115,Object Oriented Programming,A,304,304,Sun,Wed,08:30:AM - 09:50:AM,08:30:AM - 09:50:AM,Md. Tanvir Raihan,MTR,3
72,BSCSE,CSE 1115,Object Oriented Programming,B,302,302,Sat,Tue,08:30:AM - 09:50:AM,08:30:AM - 09:50:AM,Md. Romizul Islam,MdRIm,3
73,BSCSE,CSE 1115,Object Oriented Programming,C,305,305,Sat,Tue,09:51:AM - 11:10:AM,09:51:AM - 11:10:AM,Anika Tasnim Rodela,ATR,3
74,BSCSE,CSE 1115,Object Oriented Programming,D,302,302,Sun,Wed,09:51:AM - 11:10:AM,09:51:AM - 11:10:AM,Anika Tasnim Rodela,ATR,3
75,BSCSE,CSE 1115,Object Oriented Programming,E,303,303,Sat,Tue,11:11:AM - 12:30:PM,11:11:AM - 12:30:PM,TBA,TBA,3
76,BSCSE,CSE 1115,Object Oriented Programming,F,305,305,Sat,Tue,12:31:PM - 01:50:PM,12:31:PM - 01:50:PM,Md. Romizul Islam,MdRIm,3
77,BSCSE,CSE 1115,Object Oriented Programming,S,306,306,Sat,Tue,09:51:AM - 11:10:AM,09:51:AM - 11:10:AM,TBA,TBA,3
78,BSCSE,CSE 1115,Object Oriented Programming,T,305,305,Sun,Wed,09:51:AM - 11:10:AM,09:51:AM - 11:10:AM,Muhammad Anwarul Azim,MAnAm,3
79,BSCSE,CSE 1115,Object Oriented Programming,U,304,304,Sat,Tue,11:11:AM - 12:30:PM,11:11:AM - 12:30:PM,TBA,TBA,3
80,BSCSE,CSE 1115,Object Oriented Programming,V,307,307,Sat,Tue,12:31:PM - 01:50:PM,12:31:PM - 01:50:PM,TBA,TBA,3
81,BSCSE,CSE 1115,Object Oriented Programming,M,302,302,Sun,Wed,01:51:PM - 03:10:PM,01:51:PM - 03:10:PM,Rakibul Hasan Rafi,RaHR,3
82,BSCSE,CSE 1115,Object Oriented Programming,N,229,229,Sun,Wed,03:11:PM - 04:30:PM,03:11:PM - 04:30:PM,TBA,TBA,3
83,BSCSE,CSE 1115,Object Oriented Programming,O,305,305,Sun,Wed,12:31:PM - 01:50:PM,12:31:PM - 01:50:PM,TBA,TBA,3
84,BSCSE,CSE 1115,Object Oriented Programming,P,304,304,Sun,Wed,09:51:AM - 11:10:AM,09:51:AM - 11:10:AM,Rakibul Hasan Rafi,RaHR,3
85,BSCSE,CSE 1115,Object Oriented Programming,Q,303,303,Sun,Wed,01:51:PM - 03:10:PM,01:51:PM - 03:10:PM,Md. Romizul Islam,MdRIm,3
86,BSCSE,CSE 1115,Object Oriented Programming,R,301,301,Sun,Wed,03:11:PM - 04:30:PM,03:11:PM - 04:30:PM,TBA,TBA,3
87,BSCSE,CSE 1115,Object Oriented Programming,G,229,229,Sat,Tue,01:51:PM - 03:10:PM,01:51:PM - 03:10:PM,Md. Nafis Tahmid Akhand,MNTA,3
88,BSCSE,CSE 1115,Object Oriented Programming,H,303,303,Sun,Wed,11:11:AM - 12:30:PM,11:11:AM - 12:30:PM,TBA,TBA,3
89,BSCSE,CSE 1115,Object Oriented Programming,I,306,306,Sat,Tue,12:31:PM - 01:50:PM,12:31:PM - 01:50:PM,TBA,TBA,3
90,BSCSE,CSE 1115,Object Oriented Programming,J,304,304,Sun,Wed,12:31:PM - 01:50:PM,12:31:PM - 01:50:PM,TBA,TBA,3
91,BSCSE,CSE 1115,Object Oriented Programming,K,301,301,Sat,Tue,01:51:PM - 03:10:PM,01:51:PM - 03:10:PM,TBA,TBA,3
92,BSCSE,CSE 1115,Object Oriented Programming,L,303,303,Sun,Wed,09:51:AM - 11:10:AM,09:51:AM - 11:10:AM,TBA,TBA,3
93,BSCSE,CSE 1116,Object Oriented Programming Laboratory,A,424 (Computer Lab),,Sun,,11:11:AM - 01:40:PM,-,Sajid Ahmed Chowdhury,SdACh,1
3,,,,,,CLASS ROUTINE 252,,,,,"monir@admin.uiu,ac.bd",,
,,,,,United International University,,,,,,,,
,,,,Course Offerings: Summer 2025 Trimester,,,,,,,,,
,,,,,,BSCSE/BSDS,,,,,,,
SL,Program,Course,Title,Section,Room1,Room2,Day1,Day2,Time1,Time2,Faculty Name,Faculty,Credit
,,Code,,,,,,,,,,Initial,
94,BSCSE,CSE 1116,Object Oriented Programming Laboratory,B,422 (Computer Lab),,Tue,,11:11:AM - 01:40:PM,-,Anika Tasnim Rodela,ATR,1
95,BSCSE,CSE 1116,Object Oriented Programming Laboratory,C,422 (Computer Lab),,Sat,,11:11:AM - 01:40:PM,-,Anika Tasnim Rodela,ATR,1
96,BSCSE,CSE 1116,Object Oriented Programming Laboratory,D,423 (Computer Lab),,Wed,,11:11:AM - 01:40:PM,-,Md. Nafis Tahmid Akhand,MNTA,1
97,BSCSE,CSE 1116,Object Oriented Programming Laboratory,E,424 (Computer Lab),,Tue,,08:30:AM - 11:00:AM,-,TBA,TBA,1
98,BSCSE,CSE 1116,Object Oriented Programming Laboratory,F,423 (Computer Lab),,Wed,,02:00:PM - 04:30:PM,-,TBA,TBA,1
99,BSCSE,CSE 1116,Object Oriented Programming Laboratory,T,422 (Computer Lab),,Mon,,08:30:AM - 11:00:AM,-,TBA,TBA,1
100,BSCSE,CSE 1116,Object Oriented Programming Laboratory,U,422 (Computer Lab),,Mon,,11:11:AM - 01:40:PM,-,TBA,TBA,1
101,BSCSE,CSE 1116,Object Oriented Programming Laboratory,V,827 (Computer Lab),,Sun,,02:00:PM - 04:30:PM,-,TBA,TBA,1
102,BSCSE,CSE 1116,Object Oriented Programming Laboratory,W,326 (Computer Lab),,Mon,,02:00:PM - 04:30:PM,-,TBA,TBA,1
103,BSCSE,CSE 1116,Object Oriented Programming Laboratory,X,423 (Computer Lab),,Tue,,02:00:PM - 04:30:PM,-,Fairoz Anika,FzAn,1
104,BSCSE,CSE 1116,Object Oriented Programming Laboratory,M,424 (Computer Lab),,Sun,,08:30:AM - 11:00:AM,-,TBA,TBA,1
105,BSCSE,CSE 1116,Object Oriented Programming Laboratory,N,426 (Computer Lab),,Sun,,11:11:AM - 01:40:PM,-,Md. Nafis Tahmid Akhand,MNTA,1
106,BSCSE,CSE 1116,Object Oriented Programming Laboratory,O,327 (Computer Lab),,Mon,,11:11:AM - 01:40:PM,-,TBA,TBA,1
107,BSCSE,CSE 1116,Object Oriented Programming Laboratory,Q,424 (Computer Lab),,Wed,,11:11:AM - 01:40:PM,-,TBA,TBA,1
108,BSCSE,CSE 1116,Object Oriented Programming Laboratory,R,424 (Computer Lab),,Wed,,02:00:PM - 04:30:PM,-,TBA,TBA,1
109,BSCSE,CSE 1116,Object Oriented Programming Laboratory,S,327 (Computer Lab),,Mon,,08:30:AM - 11:00:AM,-,TBA,TBA,1
110,BSCSE,CSE 1116,Object Oriented Programming Laboratory,G,422 (Computer Lab),,Sun,,08:30:AM - 11:00:AM,-,Md. Romizul Islam,MdRIm,1
111,BSCSE,CSE 1116,Object Oriented Programming Laboratory,H,423 (Computer Lab),,Sun,,08:30:AM - 11:00:AM,-,TBA,TBA,1
112,BSCSE,CSE 1116,Object Oriented Programming Laboratory,I,423 (Computer Lab),,Sun,,02:00:PM - 04:30:PM,-,TBA,TBA,1
113,BSCSE,CSE 1116,Object Oriented Programming Laboratory,J,326 (Computer Lab),,Mon,,11:11:AM - 01:40:PM,-,TBA,TBA,1
114,BSCSE,CSE 1116,Object Oriented Programming Laboratory,K,423 (Computer Lab),,Wed,,08:30:AM - 11:00:AM,-,Md. Romizul Islam,MdRIm,1
115,BSCSE,CSE 1116,Object Oriented Programming Laboratory,L,426 (Computer Lab),,Tue,,08:30:AM - 11:00:AM,-,TBA,TBA,1
116,BSCSE,CSE 1325,Digital Logic Design,A,307,307,Sat,Tue,09:51:AM - 11:10:AM,09:51:AM - 11:10:AM,Asnuva Tanvin,AsTn,3
117,BSCSE,CSE 1325,Digital Logic Design,B,306,306,Sun,Wed,09:51:AM - 11:10:AM,09:51:AM - 11:10:AM,TBA,TBA,3
118,BSCSE,CSE 1325,Digital Logic Design,C,305,305,Sun,Wed,08:30:AM - 09:50:AM,08:30:AM - 09:50:AM,Md. Benzir Ahmed,MBAd,3
119,BSCSE,CSE 1325,Digital Logic Design,D,303,303,Sat,Tue,08:30:AM - 09:50:AM,08:30:AM - 09:50:AM,TBA,TBA,3
120,BSCSE,CSE 1325,Digital Logic Design,E,307,307,Sun,Wed,09:51:AM - 11:10:AM,09:51:AM - 11:10:AM,TBA,TBA,3
121,BSCSE,CSE 1325,Digital Logic Design,F,304,304,Sun,Wed,11:11:AM - 12:30:PM,11:11:AM - 12:30:PM,Riasat Azim,RtAm,3
122,BSCSE,CSE 1325,Digital Logic Design,M,306,306,Sat,Tue,11:11:AM - 12:30:PM,11:11:AM - 12:30:PM,TBA,TBA,3
123,BSCSE,CSE 1325,Digital Logic Design,N,304,304,Sun,Wed,01:51:PM - 03:10:PM,01:51:PM - 03:10:PM,Riasat Azim,RtAm,3
124,BSCSE,CSE 1325,Digital Logic Design,O,302,302,Sat,Tue,01:51:PM - 03:10:PM,01:51:PM - 03:10:PM,TBA,TBA,3
4,,,,,,CLASS ROUTINE 252,,,,,"monir@admin.uiu,ac.bd",,
,,,,,United International University,,,,,,,,
,,,,Course Offerings: Summer 2025 Trimester,,,,,,,,,
,,,,,,BSCSE/BSDS,,,,,,,
SL,Program,Course,Title,Section,Room1,Room2,Day1,Day2,Time1,Time2,Faculty Name,Faculty,Credit
,,Code,,,,,,,,,,Initial,
125,BSCSE,CSE 1325,Digital Logic Design,P,305,305,Sun,Wed,01:51:PM - 03:10:PM,01:51:PM - 03:10:PM,TBA,TBA,3
126,BSCSE,CSE 1325,Digital Logic Design,G,306,306,Sun,Wed,12:31:PM - 01:50:PM,12:31:PM - 01:50:PM,Md. Benzir Ahmed,MBAd,3
127,BSCSE,CSE 1325,Digital Logic Design,H,305,305,Sat,Tue,11:11:AM - 12:30:PM,11:11:AM - 12:30:PM,Asnuva Tanvin,AsTn,3
128,BSCSE,CSE 1325,Digital Logic Design,I,307,307,Sun,Wed,12:31:PM - 01:50:PM,12:31:PM - 01:50:PM,Asnuva Tanvin,AsTn,3
129,BSCSE,CSE 1325,Digital Logic Design,J,306,306,Sun,Wed,08:30:AM - 09:50:AM,08:30:AM - 09:50:AM,Md. Shafqat Talukder,MSTR,3
130,BSCSE,CSE 1325,Digital Logic Design,K,308,308,Sat,Tue,12:31:PM - 01:50:PM,12:31:PM - 01:50:PM,TBA,TBA,3
131,BSCSE,CSE 1325,Digital Logic Design,L,631,631,Sun,Wed,09:51:AM - 11:10:AM,09:51:AM - 11:10:AM,TBA,TBA,3
132,BSCSE,CSE 1326,Digital Logic Design Laboratory,A,511 (Digital Lab),,Wed,,11:11:AM - 01:40:PM,-,Fahim Hafiz,FaHa,1
133,BSCSE,CSE 1326,Digital Logic Design Laboratory,B,511 (Digital Lab),,Sat,,11:11:AM - 01:40:PM,-,TBA,TBA,1
134,BSCSE,CSE 1326,Digital Logic Design Laboratory,C,511 (Digital Lab),,Tue,,11:11:AM - 01:40:PM,-,Asif Ahmed Utsa,AAU,1
135,BSCSE,CSE 1326,Digital Logic Design Laboratory,D,511 (Digital Lab),,Sun,,11:11:AM - 01:40:PM,-,TBA,TBA,1
136,BSCSE,CSE 1326,Digital Logic Design Laboratory,E,511 (Digital Lab),,Sat,,08:30:AM - 11:00:AM,-,TBA,TBA,1
137,BSCSE,CSE 1326,Digital Logic Design Laboratory,G,508 (Digital Lab),,Sat,,11:11:AM - 01:40:PM,-,Asif Ahmed Utsa,AAU,1
138,BSCSE,CSE 1326,Digital Logic Design Laboratory,F,511 (Digital Lab),,Tue,,02:00:PM - 04:30:PM,-,Rakibul Hasan Rafi,RaHR,1
139,BSCSE,CSE 1326,Digital Logic Design Laboratory,T,508 (Digital Lab),,Mon,,08:30:AM - 11:00:AM,-,TBA,TBA,1
140,BSCSE,CSE 1326,Digital Logic Design Laboratory,U,511 (Digital Lab),,Mon,,11:11:AM - 01:40:PM,-,TBA,TBA,1
141,BSCSE,CSE 1326,Digital Logic Design Laboratory,N,508 (Digital Lab),,Wed,,11:11:AM - 01:40:PM,-,TBA,TBA,1
142,BSCSE,CSE 1326,Digital Logic Design Laboratory,O,825 (Digital Lab),,Sat,,11:11:AM - 01:40:PM,-,TBA,TBA,1
143,BSCSE,CSE 1326,Digital Logic Design Laboratory,P,508 (Digital Lab),,Tue,,11:11:AM - 01:40:PM,-,Imran Hossain,IHn,1
144,BSCSE,CSE 1326,Digital Logic Design Laboratory,Q,508 (Digital Lab),,Sun,,11:11:AM - 01:40:PM,-,Fahim Hafiz,FaHa,1
145,BSCSE,CSE 1326,Digital Logic Design Laboratory,R,508 (Digital Lab),,Mon,,11:11:AM - 01:40:PM,-,TBA,TBA,1
146,BSCSE,CSE 1326,Digital Logic Design Laboratory,S,508 (Digital Lab),,Mon,,02:00:PM - 04:30:PM,-,TBA,TBA,1
147,BSCSE,CSE 1326,Digital Logic Design Laboratory,H,511 (Digital Lab),,Wed,,08:30:AM - 11:00:AM,-,Asnuva Tanvin,AsTn,1
148,BSCSE,CSE 1326,Digital Logic Design Laboratory,I,511 (Digital Lab),,Wed,,02:00:PM - 04:30:PM,-,TBA,TBA,1
149,BSCSE,CSE 1326,Digital Logic Design Laboratory,J,511 (Digital Lab),,Tue,,08:30:AM - 11:00:AM,-,TBA,TBA,1
150,BSCSE,CSE 1326,Digital Logic Design Laboratory,K,508 (Digital Lab),,Wed,,02:00:PM - 04:30:PM,-,TBA,TBA,1
151,BSCSE,CSE 1326,Digital Logic Design Laboratory,L,508 (Digital Lab),,Sat,,08:30:AM - 11:00:AM,-,TBA,TBA,1
152,BSCSE,CSE 1326,Digital Logic Design Laboratory,M,508 (Digital Lab),,Wed,,08:30:AM - 11:00:AM,-,TBA,TBA,1
153,BSCSE,CSE 2118,Advanced Object Oriented Programming Laboratory,A,427 (Computer Lab),,Sun,,11:11:AM - 01:40:PM,-,Kazi Abdun Noor,KAN,1
154,BSCSE,CSE 2118,Advanced Object Oriented Programming Laboratory,B,423 (Computer Lab),,Tue,,11:11:AM - 01:40:PM,-,TBA,TBA,1
155,BSCSE,CSE 2118,Advanced Object Oriented Programming Laboratory,C,423 (Computer Lab),,Sat,,11:11:AM - 01:40:PM,-,Muhammad Anwarul Azim,MAnAm,1
5,,,,,,CLASS ROUTINE 252,,,,,"monir@admin.uiu,ac.bd",,
,,,,,United International University,,,,,,,,
,,,,Course Offerings: Summer 2025 Trimester,,,,,,,,,
,,,,,,BSCSE/BSDS,,,,,,,
SL,Program,Course,Title,Section,Room1,Room2,Day1,Day2,Time1,Time2,Faculty Name,Faculty,Credit
,,Code,,,,,,,,,,Initial,
156,BSCSE,CSE 2118,Advanced Object Oriented Programming Laboratory,D,426 (Computer Lab),,Wed,,11:11:AM - 01:40:PM,-,TBA,TBA,1
157,BSCSE,CSE 2118,Advanced Object Oriented Programming Laboratory,E,427 (Computer Lab),,Tue,,08:30:AM - 11:00:AM,-,TBA,TBA,1
158,BSCSE,CSE 2118,Advanced Object Oriented Programming Laboratory,F,426 (Computer Lab),,Wed,,02:00:PM - 04:30:PM,-,Sabah Ahmed,SabAd,1
159,BSCSE,CSE 2118,Advanced Object Oriented Programming Laboratory,N,426 (Computer Lab),,Tue,,02:00:PM - 04:30:PM,-,Rakib Ahsan,RbAn,1
160,BSCSE,CSE 2118,Advanced Object Oriented Programming Laboratory,O (If Required),426 (Computer Lab),,Sun,,08:30:AM - 11:00:AM,-,TBA,TBA,1
161,BSCSE,CSE 2118,Advanced Object Oriented Programming Laboratory,P (If Required),327 (Computer Lab),,Mon,,02:00:PM - 04:30:PM,-,TBA,TBA,1
162,BSCSE,CSE 2118,Advanced Object Oriented Programming Laboratory,G,426 (Computer Lab),,Sun,,02:00:PM - 04:30:PM,-,TBA,TBA,1
163,BSCSE,CSE 2118,Advanced Object Oriented Programming Laboratory,H,424 (Computer Lab),,Wed,,08:30:AM - 11:00:AM,-,Kazi Abdun Noor,KAN,1
164,BSCSE,CSE 2118,Advanced Object Oriented Programming Laboratory,I,424 (Computer Lab),,Tue,,02:00:PM - 04:30:PM,-,Sabah Ahmed,SabAd,1
165,BSCSE,CSE 2118,Advanced Object Oriented Programming Laboratory,J,522 (Computer Lab),,Tue,,08:30:AM - 11:00:AM,-,TBA,TBA,1
166,BSCSE,CSE 2118,Advanced Object Oriented Programming Laboratory,K,423 (Computer Lab),,Mon,,08:30:AM - 11:00:AM,-,TBA,TBA,1
167,BSCSE,CSE 2118,Advanced Object Oriented Programming Laboratory,L,424 (Computer Lab),,Mon,,08:30:AM - 11:00:AM,-,TBA,TBA,1
168,BSCSE,CSE 2213,Discrete Mathematics,A,305,305,Sun,Wed,11:11:AM - 12:30:PM,11:11:AM - 12:30:PM,TBA,TBA,3
169,BSCSE,CSE 2213,Discrete Mathematics,B,307,307,Sat,Tue,11:11:AM - 12:30:PM,11:11:AM - 12:30:PM,Al-Sakib Khan Pathan,ASKP,3
170,BSCSE,CSE 2213,Discrete Mathematics,C,,,Sun,Wed,11:11:AM - 12:30:PM,11:11:AM - 12:30:PM,Minhajul Bashir,MiBa,3
171,BSCSE,CSE 2213,Discrete Mathematics,D,308,308,Sat,Tue,11:11:AM - 12:30:PM,11:11:AM - 12:30:PM,Minhajul Bashir,MiBa,3
172,BSCSE,CSE 2213,Discrete Mathematics,E,306,306,Sun,Wed,01:51:PM - 03:10:PM,01:51:PM - 03:10:PM,Minhajul Bashir,MiBa,3
173,BSCSE,CSE 2213,Discrete Mathematics,F,303,303,Sat,Tue,01:51:PM - 03:10:PM,01:51:PM - 03:10:PM,TBA,TBA,3
174,BSCSE,CSE 2213,Discrete Mathematics,G,308,308,Sun,Wed,12:31:PM - 01:50:PM,12:31:PM - 01:50:PM,TBA,TBA,3
175,BSCSE,CSE 2213,Discrete Mathematics,H,304,304,Sat,Tue,08:30:AM - 09:50:AM,08:30:AM - 09:50:AM,Rubaiya Rahtin Khan,RRK,3
176,BSCSE,CSE 2213,Discrete Mathematics,I,309,309,Sun,Wed,12:31:PM - 01:50:PM,12:31:PM - 01:50:PM,TBA,TBA,3
177,BSCSE,CSE 2213,Discrete Mathematics,J (if required),309,309,Sat,Tue,12:31:PM - 01:50:PM,12:31:PM - 01:50:PM,TBA,TBA,3
178,BSCSE,CSE 2213,Discrete Mathematics,K (if required),322,322,Sat,Tue,12:31:PM - 01:50:PM,12:31:PM - 01:50:PM,TBA,TBA,3
179,BSCSE,CSE 2215,Data Structure and Algorithms I,A,307,307,Sun,Wed,11:11:AM - 12:30:PM,11:11:AM - 12:30:PM,TBA,TBA,3
180,BSCSE,CSE 2215,Data Structure and Algorithms I,B,309,309,Sat,Tue,11:11:AM - 12:30:PM,11:11:AM - 12:30:PM,TBA,TBA,3
181,BSCSE,CSE 2215,Data Structure and Algorithms I,C,322,322,Sun,Wed,12:31:PM - 01:50:PM,12:31:PM - 01:50:PM,Charles Aunkan Gomes,CAG,3
182,BSCSE,CSE 2215,Data Structure and Algorithms I,D,305,305,Sat,Tue,08:30:AM - 09:50:AM,08:30:AM - 09:50:AM,Md. Mushfiqul Haque Omi,MHO,3
183,BSCSE,CSE 2215,Data Structure and Algorithms I,K,308,308,Sun,Wed,09:51:AM - 11:10:AM,09:51:AM - 11:10:AM,Rubaiya Rahtin Khan,RRK,3
184,BSCSE,CSE 2215,Data Structure and Algorithms I,E,308,308,Sat,Tue,09:51:AM - 11:10:AM,09:51:AM - 11:10:AM,Charles Aunkan Gomes,CAG,3
185,BSCSE,CSE 2215,Data Structure and Algorithms I,F,323,323,Sun,Wed,12:31:PM - 01:50:PM,12:31:PM - 01:50:PM,Rubaiya Rahtin Khan,RRK,3
186,BSCSE,CSE 2215,Data Structure and Algorithms I,G,308,308,Sun,Wed,11:11:AM - 12:30:PM,11:11:AM - 12:30:PM,Md. Tarek Hasan,MdTH,3
6,,,,,,CLASS ROUTINE 252,,,,,"monir@admin.uiu,ac.bd",,
,,,,,United International University,,,,,,,,
,,,,Course Offerings: Summer 2025 Trimester,,,,,,,,,
,,,,,,BSCSE/BSDS,,,,,,,
SL,Program,Course,Title,Section,Room1,Room2,Day1,Day2,Time1,Time2,Faculty Name,Faculty,Credit
,,Code,,,,,,,,,,Initial,
187,BSCSE,CSE 2215,Data Structure and Algorithms I,H,323,323,Sat,Tue,12:31:PM - 01:50:PM,12:31:PM - 01:50:PM,Md. Mushfiqul Haque Omi,MHO,3
188,BSCSE,CSE 2215,Data Structure and Algorithms I,I,305,305,Sat,Tue,01:51:PM - 03:10:PM,01:51:PM - 03:10:PM,Md. Tarek Hasan,MdTH,3
189,BSCSE,CSE 2215,Data Structure and Algorithms I,J,307,307,Sun,Wed,01:51:PM - 03:10:PM,01:51:PM - 03:10:PM,Md. Tarek Hasan,MdTH,3
190,BSCSE,CSE 2215,Data Structure and Algorithms I,L,304,304,Sat,Tue,01:51:PM - 03:10:PM,01:51:PM - 03:10:PM,Charles Aunkan Gomes,CAG,3
191,BSCSE,CSE 2216,Data Structure and Algorithms I Laboratory,A,427 (Computer Lab),,Sat,,11:11:AM - 01:40:PM,-,Md. Tarek Hasan,MdTH,1
192,BSCSE,CSE 2216,Data Structure and Algorithms I Laboratory,B,522 (Computer Lab),,Sun,,11:11:AM - 01:40:PM,-,TBA,TBA,1
193,BSCSE,CSE 2216,Data Structure and Algorithms I Laboratory,C,424 (Computer Lab),,Tue,,11:11:AM - 01:40:PM,-,TBA,TBA,1
194,BSCSE,CSE 2216,Data Structure and Algorithms I Laboratory,D,427 (Computer Lab),,Wed,,11:11:AM - 01:40:PM,-,TBA,TBA,1
195,BSCSE,CSE 2216,Data Structure and Algorithms I Laboratory,E,427 (Computer Lab),,Wed,,02:00:PM - 04:30:PM,-,Md. Mushfiqul Haque Omi,MHO,1
196,BSCSE,CSE 2216,Data Structure and Algorithms I Laboratory,F,427 (Computer Lab),,Sun,,02:00:PM - 04:30:PM,-,TBA,TBA,1
197,BSCSE,CSE 2216,Data Structure and Algorithms I Laboratory,M,522 (Computer Lab),,Wed,,11:11:AM - 01:40:PM,-,TBA,TBA,1
198,BSCSE,CSE 2216,Data Structure and Algorithms I Laboratory,O (If Required),422 (Computer Lab),,Mon,,02:00:PM - 04:30:PM,-,TBA,TBA,1
199,BSCSE,CSE 2216,Data Structure and Algorithms I Laboratory,P (If Required),423 (Computer Lab),,Mon,,02:00:PM - 04:30:PM,-,TBA,TBA,1
200,BSCSE,CSE 2216,Data Structure and Algorithms I Laboratory,N (If Required),523 (Computer Lab),,Sun,,02:00:PM - 04:30:PM,-,TBA,TBA,1
201,BSCSE,CSE 2216,Data Structure and Algorithms I Laboratory,G,427 (Computer Lab),,Tue,,02:00:PM - 04:30:PM,-,TBA,TBA,1
202,BSCSE,CSE 2216,Data Structure and Algorithms I Laboratory,I,523 (Computer Lab),,Tue,,08:30:AM - 11:10:AM,-,Md. Tarek Hasan,MdTH,1
203,BSCSE,CSE 2216,Data Structure and Algorithms I Laboratory,H,522 (Computer Lab),,Sun,,02:00:PM - 04:30:PM,-,Md. Mushfiqul Haque Omi,MHO,1
204,BSCSE,CSE 2216,Data Structure and Algorithms I Laboratory,J,426 (Computer Lab),,Wed,,08:30:AM - 11:00:AM,-,TBA,TBA,1
205,BSCSE,CSE 2216,Data Structure and Algorithms I Laboratory,K,523 (Computer Lab),,Sun,,11:11:AM - 01:40:PM,-,TBA,TBA,1
206,BSCSE,CSE 2216,Data Structure and Algorithms I Laboratory,L,426 (Computer Lab),,Tue,,11:11:AM - 01:40:PM,-,Charles Aunkan Gomes,CAG,1
207,BSCSE,CSE 2217,Data Structure and Algorithms II,A,306,306,Sat,Tue,08:30:AM - 09:50:AM,08:30:AM - 09:50:AM,Md. Shadman Aadeeb,MdShA,3
208,BSCSE,CSE 2217,Data Structure and Algorithms II,B,309,309,Sat,Tue,09:51:AM - 11:10:AM,09:51:AM - 11:10:AM,TBA,TBA,3
209,BSCSE,CSE 2217,Data Structure and Algorithms II,C,308,308,Sun,Wed,08:30:AM - 09:50:AM,08:30:AM - 09:50:AM,Umama Rahman,UR,3
210,BSCSE,CSE 2217,Data Structure and Algorithms II,D,309,309,Sun,Wed,09:51:AM - 11:10:AM,09:51:AM - 11:10:AM,Md. Shadman Aadeeb,MdShA,3
211,BSCSE,CSE 2217,Data Structure and Algorithms II,E,323,323,Sat,Tue,11:11:AM - 12:30:PM,11:11:AM - 12:30:PM,Nusrat Jahan Tithi,NtJT,3
212,BSCSE,CSE 2217,Data Structure and Algorithms II,F,302,302,Sun,Wed,03:11:PM - 04:30:PM,03:11:PM - 04:30:PM,Md. Shadman Aadeeb,MdShA,3
213,BSCSE,CSE 2217,Data Structure and Algorithms II,M (If Required),323,323,Sun,Wed,09:51:AM - 11:10:AM,09:51:AM - 11:10:AM,TBA,TBA,3
214,BSCSE,CSE 2217,Data Structure and Algorithms II,G,308,308,Sun,Wed,01:51:PM - 03:10:PM,01:51:PM - 03:10:PM,Nusrat Jahan Tithi,NtJT,3
215,BSCSE,CSE 2217,Data Structure and Algorithms II,H,306,306,Sat,Tue,01:51:PM - 03:10:PM,01:51:PM - 03:10:PM,Iftekharul Abedeen,IAb,3
216,BSCSE,CSE 2217,Data Structure and Algorithms II,I,307,307,Sat,Tue,08:30:AM - 09:50:AM,08:30:AM - 09:50:AM,Tahmid Mosaddeque,TaMo,3
217,BSCSE,CSE 2217,Data Structure and Algorithms II,J,322,322,Sun,Wed,09:51:AM - 11:10:AM,09:51:AM - 11:10:AM,Nusrat Jahan Tithi,NtJT,3
7,,,,,,CLASS ROUTINE 252,,,,,"monir@admin.uiu,ac.bd",,
,,,,,United International University,,,,,,,,
,,,,Course Offerings: Summer 2025 Trimester,,,,,,,,,
,,,,,,BSCSE/BSDS,,,,,,,
SL,Program,Course,Title,Section,Room1,Room2,Day1,Day2,Time1,Time2,Faculty Name,Faculty,Credit
,,Code,,,,,,,,,,Initial,
218,BSCSE,CSE 2217,Data Structure and Algorithms II,K,324,324,Sun,Wed,12:31:PM - 01:50:PM,12:31:PM - 01:50:PM,Umama Rahman,UR,3
219,BSCSE,CSE 2217,Data Structure and Algorithms II,L (If Required),324,324,Sat,Tue,12:31:PM - 01:50:PM,12:31:PM - 01:50:PM,TBA,TBA,3
220,BSCSE,CSE 2218,Data Structure and Algorithms II Laboratory,A,522 (Computer Lab),,Sun,,08:30:AM - 11:00:AM,-,TBA,TBA,1
221,BSCSE,CSE 2218,Data Structure and Algorithms II Laboratory,B,523 (Computer Lab),,Wed,,11:11:AM - 01:40:PM,-,Iftekharul Abedeen,IAb,1
222,BSCSE,CSE 2218,Data Structure and Algorithms II Laboratory,C,427 (Computer Lab),,Tue,,11:11:AM - 01:40:PM,-,Humaira Anzum Neha,HAN,1
223,BSCSE,CSE 2218,Data Structure and Algorithms II Laboratory,D,522 (Computer Lab),,Sat,,11:11:AM - 01:40:PM,-,Md. Shadman Aadeeb,MdShA,1
224,BSCSE,CSE 2218,Data Structure and Algorithms II Laboratory,E,528 (Computer Lab),,Sun,,11:11:AM - 01:40:PM,-,TBA,TBA,1
225,BSCSE,CSE 2218,Data Structure and Algorithms II Laboratory,F,522 (Computer Lab),,Tue,,02:00:PM - 04:30:PM,-,Nusrat Jahan Tithi,NtJT,1
226,BSCSE,CSE 2218,Data Structure and Algorithms II Laboratory,M,523 (Computer Lab),,Wed,,02:00:PM - 04:30:PM,-,Iftekharul Abedeen,IAb,1
227,BSCSE,CSE 2218,Data Structure and Algorithms II Laboratory,N,522 (Computer Lab),,Sat,,08:30:AM - 11:00:AM,-,Umama Rahman,UR,1
228,BSCSE,CSE 2218,Data Structure and Algorithms II Laboratory,O,523 (Computer Lab),,Tue,,02:00:PM - 04:30:PM,-,Md. Shadman Aadeeb,MdShA,1
229,BSCSE,CSE 2218,Data Structure and Algorithms II Laboratory,R (If Required),426 (Computer Lab),,Mon,,08:30:AM - 11:00:AM,-,TBA,TBA,1
230,BSCSE,CSE 2218,Data Structure and Algorithms II Laboratory,P (If Required),529 (Computer Lab),,Tue,,08:30:AM - 11:00:AM,-,TBA,TBA,1
231,BSCSE,CSE 2218,Data Structure and Algorithms II Laboratory,Q (If Required),528 (Computer Lab),,Sun,,08:30:AM - 11:00:AM,-,TBA,TBA,1
232,BSCSE,CSE 2218,Data Structure and Algorithms II Laboratory,G,528 (Computer Lab),,Tue,,08:30:AM - 11:00:AM,-,Umama Rahman,UR,1
233,BSCSE,CSE 2218,Data Structure and Algorithms II Laboratory,H,427 (Computer Lab),,Wed,,08:30:AM - 11:00:AM,-,Sherajul Arifin,ShArn,1
234,BSCSE,CSE 2218,Data Structure and Algorithms II Laboratory,I,427 (Computer Lab),,Sat,,08:30:AM - 11:00:AM,-,Nusrat Jahan Tithi,NtJT,1
235,BSCSE,CSE 2218,Data Structure and Algorithms II Laboratory,J,523 (Computer Lab),,Sun,,08:30:AM - 11:00:AM,-,TBA,TBA,1
236,BSCSE,CSE 2218,Data Structure and Algorithms II Laboratory,K,528 (Computer Lab),,Sun,,02:00:PM - 04:30:PM,-,Sherajul Arifin,ShArn,1
237,BSCSE,CSE 2218,Data Structure and Algorithms II Laboratory,L,522 (Computer Lab),,Wed,,02:00:PM - 04:30:PM,-,Tahmid Mosaddeque,TaMo,1
238,BSCSE,CSE 2233,Theory of Computation,A,324,324,Sun,Wed,09:51:AM - 11:10:AM,09:51:AM - 11:10:AM,Asif Ahmed Utsa,AAU,3
239,BSCSE,CSE 2233,Theory of Computation,B,322,322,Sat,Tue,09:51:AM - 11:10:AM,09:51:AM - 11:10:AM,Asif Ahmed Utsa,AAU,3
240,BSCSE,CSE 2233,Theory of Computation,C,322,322,Sun,Wed,11:11:AM - 12:30:PM,11:11:AM - 12:30:PM,Nabila Sabrin Sworna,NSS,3
241,BSCSE,CSE 2233,Theory of Computation,D,323,323,Sat,Tue,09:51:AM - 11:10:AM,09:51:AM - 11:10:AM,TBA,TBA,3
242,BSCSE,CSE 2233,Theory of Computation,E,325,325,Sun,Wed,12:31:PM - 01:50:PM,12:31:PM - 01:50:PM,Asif Ahmed Utsa,AAU,3
243,BSCSE,CSE 2233,Theory of Computation,F,325,325,Sat,Tue,12:31:PM - 01:50:PM,12:31:PM - 01:50:PM,Kazi Abdun Noor,KAN,3
244,BSCSE,CSE 2233,Theory of Computation,G,309,309,Sun,Wed,01:51:PM - 03:10:PM,01:51:PM - 03:10:PM,Kazi Abdun Noor,KAN,3
245,BSCSE,CSE 2233,Theory of Computation,H,307,307,Sat,Tue,01:51:PM - 03:10:PM,01:51:PM - 03:10:PM,Nabila Sabrin Sworna,NSS,3
246,BSCSE,CSE 2233,Theory of Computation,I,308,308,Sat,Tue,08:30:AM - 09:50:AM,08:30:AM - 09:50:AM,Md. Muhaiminul Islam Nafi,MMIN,3
247,BSCSE,CSE 2233,Theory of Computation,J,322,322,Sun,Wed,01:51:PM - 03:10:PM,01:51:PM - 03:10:PM,TBA,TBA,3
248,BSCSE,CSE 3313,Computer Architecture,A,323,323,Sun,Wed,11:11:AM - 12:30:PM,11:11:AM - 12:30:PM,Sidratul Tanzila Tasmi,STT,3
8,,,,,,CLASS ROUTINE 252,,,,,"monir@admin.uiu,ac.bd",,
,,,,,United International University,,,,,,,,
,,,,Course Offerings: Summer 2025 Trimester,,,,,,,,,
,,,,,,BSCSE/BSDS,,,,,,,
SL,Program,Course,Title,Section,Room1,Room2,Day1,Day2,Time1,Time2,Faculty Name,Faculty,Credit
,,Code,,,,,,,,,,Initial,
249,BSCSE,CSE 3313,Computer Architecture,B,328,328,Sat,Tue,12:31:PM - 01:50:PM,12:31:PM - 01:50:PM,Shoib Ahmed Shourav,SAhSh,3
250,BSCSE,CSE 3313,Computer Architecture,C,328,328,Sun,Wed,12:31:PM - 01:50:PM,12:31:PM - 01:50:PM,Shoib Ahmed Shourav,SAhSh,3
251,BSCSE,CSE 3313,Computer Architecture,D,308,308,Sat,Tue,01:51:PM - 03:10:PM,01:51:PM - 03:10:PM,Shoib Ahmed Shourav,SAhSh,3
252,BSCSE,CSE 3313,Computer Architecture,E,323,323,Sun,Wed,01:51:PM - 03:10:PM,01:51:PM - 03:10:PM,Humaira Anzum Neha,HAN,3
253,BSCSE,CSE 3313,Computer Architecture,F,303,303,Sun,Wed,03:11:PM - 04:30:PM,03:11:PM - 04:30:PM,Sidratul Tanzila Tasmi,STT,3
254,BSCSE,CSE 3313,Computer Architecture,M (If Required),324,324,Sat,Tue,11:11:AM - 12:30:PM,11:11:AM - 12:30:PM,TBA,TBA,3
255,BSCSE,CSE 3313,Computer Architecture,N (If Required),324,324,Sun,Wed,01:51:PM - 03:10:PM,01:51:PM - 03:10:PM,TBA,TBA,3
256,BSCSE,CSE 3313,Computer Architecture,O (If Required),329,329,Sat,Tue,12:31:PM - 01:50:PM,12:31:PM - 01:50:PM,TBA,TBA,3
257,BSCSE,CSE 3313,Computer Architecture,G,309,309,Sat,Tue,08:30:AM - 09:50:AM,08:30:AM - 09:50:AM,Tasmin Sanjida,TaSa,3
258,BSCSE,CSE 3313,Computer Architecture,H,309,309,Sun,Wed,08:30:AM - 09:50:AM,08:30:AM - 09:50:AM,Tasmin Sanjida,TaSa,3
259,BSCSE,CSE 3313,Computer Architecture,I,325,325,Sun,Wed,09:51:AM - 11:10:AM,09:51:AM - 11:10:AM,Shoib Ahmed Shourav,SAhSh,3
260,BSCSE,CSE 3313,Computer Architecture,J,322,322,Sun,Wed,08:30:AM - 09:50:AM,08:30:AM - 09:50:AM,Sidratul Tanzila Tasmi,STT,3
261,BSCSE,CSE 3313,Computer Architecture,K,322,322,Sat,Tue,08:30:AM - 09:50:AM,08:30:AM - 09:50:AM,Mobaswirul Islam,MoIsm,3
262,BSCSE,CSE 3313,Computer Architecture,L,324,324,Sat,Tue,09:51:AM - 11:10:AM,09:51:AM - 11:10:AM,Sidratul Tanzila Tasmi,STT,3
263,BSCSE,CSE 3411,System Analysis and Design,A,323,323,Sat,Tue,08:30:AM - 09:50:AM,08:30:AM - 09:50:AM,Muhammad Anwarul Azim,MAnAm,3
264,BSCSE,CSE 3411,System Analysis and Design,B,323,323,Sun,Wed,08:30:AM - 09:50:AM,08:30:AM - 09:50:AM,TBA,TBA,3
265,BSCSE,CSE 3411,System Analysis and Design,C,325,325,Sat,Tue,09:51:AM - 11:10:AM,09:51:AM - 11:10:AM,Suman Ahmmed,SA,3
266,BSCSE,CSE 3411,System Analysis and Design,D,325,325,Sun,Wed,09:51:AM - 11:10:AM,09:51:AM - 11:10:AM,TBA,TBA,3
267,BSCSE,CSE 3411,System Analysis and Design,E,325,325,Sat,Tue,11:11:AM - 12:30:PM,11:11:AM - 12:30:PM,Didarul Islam Didar,DID,3
268,BSCSE,CSE 3411,System Analysis and Design,F,324,324,Sun,Wed,11:11:AM - 12:30:PM,11:11:AM - 12:30:PM,Suman Ahmmed,SA,3
269,BSCSE,CSE 3411,System Analysis and Design,M(If Required),324,324,Sun,Wed,08:30:AM - 09:50:AM,08:30:AM - 09:50:AM,TBA,TBA,3
270,BSCSE,CSE 3411,System Analysis and Design,N(If Required),328,328,Sat,Tue,09:51:AM - 11:10:AM,09:51:AM - 11:10:AM,TBA,TBA,3
271,BSCSE,CSE 3411,System Analysis and Design,G,330,330,Sat,Tue,12:31:PM - 01:50:PM,12:31:PM - 01:50:PM,Sidratul Muntaha,SiMa,3
272,BSCSE,CSE 3411,System Analysis and Design,H,329,329,Sun,Wed,12:31:PM - 01:50:PM,12:31:PM - 01:50:PM,Sidratul Muntaha,SiMa,3
273,BSCSE,CSE 3411,System Analysis and Design,I,309,309,Sat,Tue,01:51:PM - 03:10:PM,01:51:PM - 03:10:PM,Tasmin Sanjida,TaSa,3
274,BSCSE,CSE 3411,System Analysis and Design,J,325,325,Sun,Wed,01:51:PM - 03:10:PM,01:51:PM - 03:10:PM,Tasmin Sanjida,TaSa,3
275,BSCSE,CSE 3411,System Analysis and Design,K,304,304,Sun,Wed,03:11:PM - 04:30:PM,03:11:PM - 04:30:PM,Muhammad Anwarul Azim,MAnAm,3
276,BSCSE,CSE 3411,System Analysis and Design,L,324,324,Sat,Tue,08:30:AM - 09:50:AM,08:30:AM - 09:50:AM,Sidratul Muntaha,SiMa,3
277,BSCSE,CSE 3412,System Analysis and Design Laboratory,A,523 (Computer Lab),,Sat,,11:11:AM - 01:40:PM,-,Tasmin Sanjida,TaSa,1
278,BSCSE,CSE 3412,System Analysis and Design Laboratory,B,529 (Computer Lab),,Sun,,11:11:AM - 01:40:PM,-,TBA,TBA,1
279,BSCSE,CSE 3412,System Analysis and Design Laboratory,C,530 (Computer Lab),,Sun,,11:11:AM - 01:40:PM,-,TBA,TBA,1
9,,,,,,CLASS ROUTINE 252,,,,,"monir@admin.uiu,ac.bd",,
,,,,,United International University,,,,,,,,
,,,,Course Offerings: Summer 2025 Trimester,,,,,,,,,
,,,,,,BSCSE/BSDS,,,,,,,
SL,Program,Course,Title,Section,Room1,Room2,Day1,Day2,Time1,Time2,Faculty Name,Faculty,Credit
,,Code,,,,,,,,,,Initial,
280,BSCSE,CSE 3412,System Analysis and Design Laboratory,D,528 (Computer Lab),,Sat,,11:11:AM - 01:40:PM,-,TBA,TBA,1
281,BSCSE,CSE 3412,System Analysis and Design Laboratory,E,522 (Computer Lab),,Tue,,11:11:AM - 01:40:PM,-,Tasmin Sanjida,TaSa,1
282,BSCSE,CSE 3412,System Analysis and Design Laboratory,F,528 (Computer Lab),,Wed,,02:00:PM - 04:30:PM,-,TBA,TBA,1
283,BSCSE,CSE 3412,System Analysis and Design Laboratory,M(If Required),426 (Computer Lab),,Mon,,02:00:PM - 04:30:PM,-,TBA,TBA,1
284,BSCSE,CSE 3412,System Analysis and Design Laboratory,N(If Required),528 (Computer Lab),,Tue,,02:00:PM - 04:30:PM,-,TBA,TBA,1
285,BSCSE,CSE 3412,System Analysis and Design Laboratory,G,523 (Computer Lab),,Sat,,08:30:AM - 11:00:AM,-,TBA,TBA,1
286,BSCSE,CSE 3412,System Analysis and Design Laboratory,H,530 (Computer Lab),,Tue,,08:30:AM - 11:00:AM,-,TBA,TBA,1
287,BSCSE,CSE 3412,System Analysis and Design Laboratory,I,529 (Computer Lab),,Sun,,08:30:AM - 11:00:AM,-,Sidratul Muntaha,SiMa,1
288,BSCSE,CSE 3412,System Analysis and Design Laboratory,J,427 (Computer Lab),,Mon,,08:30:AM - 11:00:AM,-,TBA,TBA,1
289,BSCSE,CSE 3412,System Analysis and Design Laboratory,K,522 (Computer Lab),,Wed,,08:30:AM - 11:00:AM,-,Sidratul Muntaha,SiMa,1
290,BSCSE,CSE 3412,System Analysis and Design Laboratory,L,529 (Computer Lab),,Sun,,02:00:PM - 04:30:PM,-,TBA,TBA,1
291,BSCSE,CSE 3421,Software Engineering,A,330,330,Sun,Wed,12:31:PM - 01:50:PM,12:31:PM - 01:50:PM,Sherajul Arifin,ShArn,3
292,BSCSE,CSE 3421,Software Engineering,B,401,401,Sat,Tue,12:31:PM - 01:50:PM,12:31:PM - 01:50:PM,Sherajul Arifin,ShArn,3
293,BSCSE,CSE 3421,Software Engineering,C,325,325,Sat,Tue,08:30:AM - 09:50:AM,08:30:AM - 09:50:AM,Samin Sharaf Somik,SSSk,3
294,BSCSE,CSE 3421,Software Engineering,D,328,328,Sat,Tue,11:11:AM - 12:30:PM,11:11:AM - 12:30:PM,Sherajul Arifin,ShArn,3
295,BSCSE,CSE 3421,Software Engineering,E,322,322,Sat,Tue,01:51:PM - 03:10:PM,01:51:PM - 03:10:PM,Samin Sharaf Somik,SSSk,3
296,BSCSE,CSE 3421,Software Engineering,F(If Required),402,402,Sat,Tue,12:31:PM - 01:50:PM,12:31:PM - 01:50:PM,TBA,TBA,3
297,BSCSE,CSE 3422,Software Engineering Laboratory,B,530 (Computer Lab),,Sun,,02:00:PM - 04:30:PM,-,Didarul Islam Didar,DID,1
298,BSCSE,CSE 3422,Software Engineering Laboratory,A,532 (Computer Lab),,Tue,,08:30:AM - 11:00:AM,-,Rakibul Hasan Rafi,RaHR,1
299,BSCSE,CSE 3422,Software Engineering Laboratory,C,523 (Computer Lab),,Wed,,08:30:AM - 11:00:AM,-,TBA,TBA,1
300,BSCSE,CSE 3422,Software Engineering Laboratory,D,529 (Computer Lab),,Wed,,02:00:PM - 04:30:PM,-,TBA,TBA,1
301,BSCSE,CSE 3422,Software Engineering Laboratory,E,727 (Computer Lab),,Sat,,11:11:AM - 01:40:PM,-,Rakibul Hasan Rafi,RaHR,1
302,BSCSE,CSE 3422,Software Engineering Laboratory,F,528 (Computer Lab),,Sat,,08:30:AM - 11:00:AM,-,Fairoz Anika,FzAn,1
303,BSCSE,CSE 3422,Software Engineering Laboratory,G,727 (Computer Lab),,Sat,,08:30:AM - 11:00:AM,-,TBA,TBA,1
304,BSCSE,CSE 3422,Software Engineering Laboratory,H (If Required),529 (Computer Lab),,Wed,,02:00:PM - 04:30:PM,-,TBA,TBA,1
305,BSCSE,CSE 3521,Database Management Systems,A,329,329,Sat,Tue,09:51:AM - 11:10:AM,09:51:AM - 11:10:AM,Didarul Islam Didar,DID,3
306,BSCSE,CSE 3521,Database Management Systems,B,329,329,Sun,Wed,09:51:AM - 11:10:AM,09:51:AM - 11:10:AM,Mahmudul Hasan,MahHsn,3
307,BSCSE,CSE 3521,Database Management Systems,C,328,328,Sat,Tue,08:30:AM - 09:50:AM,08:30:AM - 09:50:AM,Tanmoy Bipro Das,TBD,3
308,BSCSE,CSE 3521,Database Management Systems,D,325,325,Sun,Wed,08:30:AM - 09:50:AM,08:30:AM - 09:50:AM,Sadia Islam,SaIs,3
309,BSCSE,CSE 3521,Database Management Systems,E,330,330,Sat,Tue,09:51:AM - 11:10:AM,09:51:AM - 11:10:AM,TBA,TBA,3
310,BSCSE,CSE 3521,Database Management Systems,F,403,403,Sat,Tue,12:31:PM - 01:50:PM,12:31:PM - 01:50:PM,Sadia Islam,SaIs,3
10,,,,,,CLASS ROUTINE 252,,,,,"monir@admin.uiu,ac.bd",,
,,,,,United International University,,,,,,,,
,,,,Course Offerings: Summer 2025 Trimester,,,,,,,,,
,,,,,,BSCSE/BSDS,,,,,,,
SL,Program,Course,Title,Section,Room1,Room2,Day1,Day2,Time1,Time2,Faculty Name,Faculty,Credit
,,Code,,,,,,,,,,Initial,
311,BSCSE,CSE 3521,Database Management Systems,G,401,401,Sun,Wed,12:31:PM - 01:50:PM,12:31:PM - 01:50:PM,Sadia Islam,SaIs,3
312,BSCSE,CSE 3521,Database Management Systems,H,323,323,Sat,Tue,01:51:PM - 03:10:PM,01:51:PM - 03:10:PM,Shekh. Md. Saifur Rahman,SMSR,3
313,BSCSE,CSE 3521,Database Management Systems,J(If Required),305,305,Sun,Wed,03:11:PM - 04:30:PM,03:11:PM - 04:30:PM,TBA,TBA,3
314,BSCSE,CSE 3521,Database Management Systems,I,328,328,Sun,Wed,01:51:PM - 03:10:PM,01:51:PM - 03:10:PM,TBA,TBA,3
315,BSCSE,CSE 3522,Database Management Systems Laboratory,A,529 (Computer Lab),,Sat,,11:11:AM - 01:40:PM,-,Tanmoy Bipro Das,TBD,1
316,BSCSE,CSE 3522,Database Management Systems Laboratory,B,528 (Computer Lab),,Wed,,11:11:AM - 01:40:PM,-,TBA,TBA,1
317,BSCSE,CSE 3522,Database Management Systems Laboratory,C,530 (Computer Lab),,Sat,,11:11:AM - 01:40:PM,-,TBA,TBA,1
318,BSCSE,CSE 3522,Database Management Systems Laboratory,D,530 (Computer Lab),,Sat,,08:30:AM - 11:00:AM,-,Farhan Anan Himu,FAH,1
319,BSCSE,CSE 3522,Database Management Systems Laboratory,E,626 (Computer Lab),,Tue,,08:30:AM - 11:00:AM,-,Farhan Anan Himu,FAH,1
320,BSCSE,CSE 3522,Database Management Systems Laboratory,F,532 (Computer Lab),,Sun,,08:30:AM - 11:00:AM,-,Didarul Islam Didar,DID,1
321,BSCSE,CSE 3522,Database Management Systems Laboratory,N (if required),427 (Computer Lab),,Mon,,02:00:PM - 04:30:PM,-,TBA,TBA,1
322,BSCSE,CSE 3522,Database Management Systems Laboratory,M (if required),926 (Computer Lab),,Sun,,02:00:PM - 04:30:PM,-,Shekh. Md. Saifur Rahman,SMSR,1
323,BSCSE,CSE 3522,Database Management Systems Laboratory,G,522 (Computer Lab),,Mon,,08:30:AM - 11:00:AM,-,TBA,TBA,1
324,BSCSE,CSE 3522,Database Management Systems Laboratory,H,528 (Computer Lab),,Wed,,08:30:AM - 11:00:AM,-,Mobaswirul Islam,MoIsm,1
325,BSCSE,CSE 3522,Database Management Systems Laboratory,I,532 (Computer Lab),,Sun,,11:11:AM - 01:40:PM,-,TBA,TBA,1
326,BSCSE,CSE 3522,Database Management Systems Laboratory,J,423 (Computer Lab),,Mon,,11:11:AM - 01:40:PM,-,TBA,TBA,1
327,BSCSE,CSE 3522,Database Management Systems Laboratory,K,523 (Computer Lab),,Tue,,11:11:AM - 01:40:PM,-,Tanmoy Bipro Das,TBD,1
328,BSCSE,CSE 3522,Database Management Systems Laboratory,L(If Required),529 (Computer Lab),,Wed,,11:11:AM - 01:40:PM,-,TBA,TBA,1
329,BSCSE,CSE 3711,Computer Networks,A,329,329,Sat,Tue,08:30:AM - 09:50:AM,08:30:AM - 09:50:AM,Mohammad Mamun Elahi,ME,3
330,BSCSE,CSE 3711,Computer Networks,B,328,328,Sun,Wed,11:11:AM - 12:30:PM,11:11:AM - 12:30:PM,A.K.M. Muzahidul Islam,AKMMI,3
331,BSCSE,CSE 3711,Computer Networks,C,330,330,Sat,Tue,11:11:AM - 12:30:PM,11:11:AM - 12:30:PM,Mohammad Mamun Elahi,ME,3
332,BSCSE,CSE 3711,Computer Networks,D,330,330,Sat,Tue,08:30:AM - 09:50:AM,08:30:AM - 09:50:AM,Muhammad Nomani Kabir,MNK,3
333,BSCSE,CSE 3711,Computer Networks,E,404,404,Sat,Tue,12:31:PM - 01:50:PM,12:31:PM - 01:50:PM,Mohammad Mamun Elahi,ME,3
334,BSCSE,CSE 3711,Computer Networks,F,402,402,Sun,Wed,12:31:PM - 01:50:PM,12:31:PM - 01:50:PM,A.K.M. Muzahidul Islam,AKMMI,3
335,BSCSE,CSE 3711,Computer Networks,G,401,401,Sat,Tue,09:51:AM - 11:10:AM,09:51:AM - 11:10:AM,Mir Moynuddin Ahmed Shibly,MMAS,3
336,BSCSE,CSE 3711,Computer Networks,H,324,324,Sat,Tue,01:51:PM - 03:10:PM,01:51:PM - 03:10:PM,Muhammad Nomani Kabir,MNK,3
337,BSCSE,CSE 3711,Computer Networks,I (If Required),329,329,Sun,Wed,01:51:PM - 03:10:PM,01:51:PM - 03:10:PM,TBA,TBA,3
338,BSCSE,CSE 3712,Computer Networks Laboratory,A,626 (Computer Lab),,Wed,,02:00:PM - 04:30:PM,-,Abdullah Ibne Masud Mahi,AIMM,1
339,BSCSE,CSE 3712,Computer Networks Laboratory,B,424 (Computer Lab),,Mon,,11:11:AM - 01:40:PM,-,TBA,TBA,1
340,BSCSE,CSE 3712,Computer Networks Laboratory,C,529 (Computer Lab),,Tue,,02:00:PM - 04:30:PM,-,Azim Uddin Chowdhury,AUC,1
341,BSCSE,CSE 3712,Computer Networks Laboratory,D,528 (Computer Lab),,Tue,,11:11:AM - 01:40:PM,-,Rakib Ahsan,RbAn,1
11,,,,,,CLASS ROUTINE 252,,,,,"monir@admin.uiu,ac.bd",,
,,,,,United International University,,,,,,,,
,,,,Course Offerings: Summer 2025 Trimester,,,,,,,,,
,,,,,,BSCSE/BSDS,,,,,,,
SL,Program,Course,Title,Section,Room1,Room2,Day1,Day2,Time1,Time2,Faculty Name,Faculty,Credit
,,Code,,,,,,,,,,Initial,
342,BSCSE,CSE 3712,Computer Networks Laboratory,E,530 (Computer Lab),,Wed,,11:11:AM - 01:40:PM,-,Md. Muhyminul Haque,MdMH,1
343,BSCSE,CSE 3712,Computer Networks Laboratory,F,530 (Computer Lab),,Tue,,02:00:PM - 04:30:PM,-,Mahmudul Hasan,MahHsn,1
344,BSCSE,CSE 3712,Computer Networks Laboratory,G,626 (Computer Lab),,Sun,,08:30:AM - 11:00:AM,-,Md. Muhyminul Haque,MdMH,1
345,BSCSE,CSE 3712,Computer Networks Laboratory,H,726 (Computer Lab),,Wed,,02:00:PM - 04:30:PM,-,Sajid Ahmed Chowdhury,SdACh,1
346,BSCSE,CSE 3712,Computer Networks Laboratory,I,626 (Computer Lab),,Sun,,02:00:PM - 04:30:PM,-,Abdullah Ibne Masud Mahi,AIMM,1
347,BSCSE,CSE 3712,Computer Networks Laboratory,J,522 (Computer Lab),,Mon,,02:00:PM - 04:30:PM,-,Azim Uddin Chowdhury,AUC,1
348,BSCSE,CSE 3712,Computer Networks Laboratory,K( If required),532 (Computer Lab),,Tue,,02:00:PM - 04:30:PM,-,TBA,TBA,1
349,BSCSE,CSE 3715,Data Communication,A,329,329,Sun,Wed,11:11:AM - 12:30:PM,11:11:AM - 12:30:PM,Abdullah Ibne Masud Mahi,AIMM,3
350,BSCSE,CSE 3811,Artificial Intelligence,A,328,328,Sun,Wed,08:30:AM - 09:50:AM,08:30:AM - 09:50:AM,Fairoz Anika,FzAn,3
351,BSCSE,CSE 3811,Artificial Intelligence,B,401,401,Sat,Tue,08:30:AM - 09:50:AM,08:30:AM - 09:50:AM,A.H.M. Osama Haque,AHMOH,3
352,BSCSE,CSE 3811,Artificial Intelligence,C,330,330,Sun,Wed,09:51:AM - 11:10:AM,09:51:AM - 11:10:AM,A.H.M. Osama Haque,AHMOH,3
353,BSCSE,CSE 3811,Artificial Intelligence,D,402,402,Sat,Tue,09:51:AM - 11:10:AM,09:51:AM - 11:10:AM,Shekh. Md. Saifur Rahman,SMSR,3
354,BSCSE,CSE 3811,Artificial Intelligence,E,329,329,Sun,Wed,08:30:AM - 09:50:AM,08:30:AM - 09:50:AM,Shekh. Md. Saifur Rahman,SMSR,3
355,BSCSE,CSE 3811,Artificial Intelligence,F,401,401,Sat,Tue,11:11:AM - 12:30:PM,11:11:AM - 12:30:PM,Shihab Ahmed,ShAhd,3
356,BSCSE,CSE 3811,Artificial Intelligence,G,330,330,Sun,Wed,01:51:PM - 03:10:PM,01:51:PM - 03:10:PM,Shihab Ahmed,ShAhd,3
357,BSCSE,CSE 3811,Artificial Intelligence,H,306,306,Sun,Wed,03:11:PM - 04:30:PM,03:11:PM - 04:30:PM,A.H.M. Osama Haque,AHMOH,3
358,BSCSE,CSE 3812,Artificial Intelligence Laboratory,A,532 (Computer Lab),,Wed,,11:11:AM - 01:40:PM,-,Shekh. Md. Saifur Rahman,SMSR,1
359,BSCSE,CSE 3812,Artificial Intelligence Laboratory,B,529 (Computer Lab),,Tue,,11:11:AM - 01:40:PM,-,Sajid Ahmed Chowdhury,SdACh,1
360,BSCSE,CSE 3812,Artificial Intelligence Laboratory,C,827 (Computer Lab),,Sat,,11:11:AM - 01:40:PM,-,A.H.M. Osama Haque,AHMOH,1
361,BSCSE,CSE 3812,Artificial Intelligence Laboratory,D,626 (Computer Lab),,Wed,,11:11:AM - 01:40:PM,-,Shihab Ahmed,ShAhd,1
362,BSCSE,CSE 3812,Artificial Intelligence Laboratory,E,726 (Computer Lab),,Sun,,02:00:PM - 04:30:PM,-,Asnuva Tanvin,AsTn,1
363,BSCSE,CSE 3812,Artificial Intelligence Laboratory,F,626 (Computer Lab),,Tue,,02:00:PM - 04:30:PM,-,A.H.M. Osama Haque,AHMOH,1
364,BSCSE,CSE 3812,Artificial Intelligence Laboratory,G,926 (Computer Lab),,Sat,,08:30:AM - 11:00:AM,-,Sajid Ahmed Chowdhury,SdACh,1
365,BSCSE,CSE 3812,Artificial Intelligence Laboratory,H,726 (Computer Lab),,Sun,,08:30:AM - 11:00:AM,-,Shihab Ahmed,ShAhd,1
366,BSCSE,CSE 3812,Artificial Intelligence Laboratory,I,523 (Computer Lab),,Mon,,08:30:AM - 11:00:AM,-,TBA,TBA,1
367,BSCSE,CSE 3812,Artificial Intelligence Laboratory,J (If Required),726 (Computer Lab),,Tue,,08:30:AM - 11:00:AM,-,TBA,TBA,1
368,BSCSE,CSE 3812,Artificial Intelligence Laboratory,K (If Required),529 (Computer Lab),,Wed,,08:30:AM - 11:00:AM,-,TBA,TBA,1
369,BSCSE,CSE 4000A,Final Year Design Project - I,A,626 (Computer Lab),,Sat,,11:11:AM - 01:40:PM,-,Hasan Sarwar,HS,2
370,BSCSE,CSE 4000A,Final Year Design Project - I,B,530 (Computer Lab),,Tue,,11:11:AM - 01:40:PM,-,A.K.M. Muzahidul Islam,AKMMI,2
371,BSCSE,CSE 4000A,Final Year Design Project - I,C,826 (Computer Lab),,Sat,,11:11:AM - 01:40:PM,-,A.K.M. Muzahidul Islam,AKMMI,2
372,BSCSE,CSE 4000A,Final Year Design Project - I,D,626 (Computer Lab),,Tue,,11:11:AM - 01:40:PM,-,Jannatun Noor Mukta,JNM,2
12,,,,,,CLASS ROUTINE 252,,,,,"monir@admin.uiu,ac.bd",,
,,,,,United International University,,,,,,,,
,,,,Course Offerings: Summer 2025 Trimester,,,,,,,,,
,,,,,,BSCSE/BSDS,,,,,,,
SL,Program,Course,Title,Section,Room1,Room2,Day1,Day2,Time1,Time2,Faculty Name,Faculty,Credit
,,Code,,,,,,,,,,Initial,
373,BSCSE,CSE 4000A,Final Year Design Project - I,E,626 (Computer Lab),,Sun,,11:11:AM - 01:40:PM,-,Muhammad Nomani Kabir,MNK,2
374,BSCSE,CSE 4000A,Final Year Design Project - I,F,727 (Computer Lab),,Sun,,08:30:AM - 11:00:AM,-,Jannatun Noor Mukta,JNM,2
375,BSCSE,CSE 4000A,Final Year Design Project - I,G,727 (Computer Lab),,Wed,,11:11:AM - 01:40:PM,-,Md. Motaharul Islam,MdMIm,2
376,BSCSE,CSE 4000A,Final Year Design Project - I,H,530 (Computer Lab),,Wed,,08:30:AM - 11:00:AM,-,Al-Sakib Khan Pathan,ASKP,2
377,BSCSE,CSE 4000B,Final Year Design Project - II,X,,,,,00:00:PM - 00:00:PM,-,,,2
378,BSCSE,CSE 4000C,Final Year Design Project - III,Y,,,,,00:00:PM - 00:00:PM,-,,,2
379,BSCSE,CSE 4165,Web Programming,A,727 (Computer Lab),,Sun,,02:00:PM - 04:30:PM,-,Nahid Hossain,NHn,3
380,BSCSE,CSE 4165,Web Programming,B,726 (Computer Lab),,Tue,,02:00:PM - 04:30:PM,-,Nahid Hossain,NHn,3
381,BSCSE,CSE 4165,Web Programming,C,727 (Computer Lab),,Wed,,02:00:PM - 04:30:PM,-,Nahid Hossain,NHn,3
382,BSCSE,CSE 4165,Web Programming,D,726 (Computer Lab),,Sun,,11:11:AM - 01:40:PM,-,Nahid Hossain,NHn,3
383,BSCSE,CSE 4165,Web Programming,E (If required),426 (Computer Lab),,Mon,,11:11:AM - 01:40:PM,-,TBA,TBA,3
384,BSCSE,CSE 4181,Mobile Application Development,A,626 (Computer Lab),,Sat,,08:30:AM - 11:00:AM,-,Kazi Abdun Noor,KAN,3
385,BSCSE,CSE 4181,Mobile Application Development,B,727 (Computer Lab),,Tue,,08:30:AM - 11:30:AM,-,Md. Irfanur Rahman Rafio,IRR,3
386,BSCSE,CSE 4325,Microprocessors and Microcontrollers,A,402,402,Sat,Tue,11:11:AM - 12:30:PM,11:11:AM - 12:30:PM,TBA,TBA,3
387,BSCSE,CSE 4325,Microprocessors and Microcontrollers,B,330,330,Sun,Wed,08:30:AM - 09:50:AM,08:30:AM - 09:50:AM,Khandokar Md. Rahat Hossain,KMRH,3
388,BSCSE,CSE 4325,Microprocessors and Microcontrollers,C,405,405,Sat,Tue,12:31:PM - 01:50:PM,12:31:PM - 01:50:PM,Md. Shafqat Talukder,MSTR,3
389,BSCSE,CSE 4325,Microprocessors and Microcontrollers,D,403,403,Sat,Tue,09:51:AM - 11:10:AM,09:51:AM - 11:10:AM,Md. Shafqat Talukder,MSTR,3
390,BSCSE,CSE 4325,Microprocessors and Microcontrollers,E,325,325,Sat,Tue,01:51:PM - 03:10:PM,01:51:PM - 03:10:PM,Khandokar Md. Rahat Hossain,KMRH,3
391,BSCSE,CSE 4325,Microprocessors and Microcontrollers,F,403,403,Sat,Tue,11:11:AM - 12:30:PM,11:11:AM - 12:30:PM,TBA,TBA,3
392,BSCSE,CSE 4325,Microprocessors and Microcontrollers,G,402,402,Sat,Tue,08:30:AM - 09:50:AM,08:30:AM - 09:50:AM,Khandokar Md. Rahat Hossain,KMRH,3
393,BSCSE,CSE 4325,Microprocessors and Microcontrollers,H (If required),403,403,Sun,Wed,12:31:PM - 01:50:PM,12:31:PM - 01:50:PM,TBA,TBA,3
394,BSCSE,CSE 4326,Microprocessors and Microcontrollers Laboratory,A,505 (Circuit Lab),,Sun,,02:00:PM - 04:30:PM,-,Khandokar Md. Rahat Hossain,KMRH,1
395,BSCSE,CSE 4326,Microprocessors and Microcontrollers Laboratory,B,505 (Circuit Lab),,Tue,,11:11:AM - 01:40:PM,-,Muhammad Anwarul Azim,MAnAm,1
396,BSCSE,CSE 4326,Microprocessors and Microcontrollers Laboratory,C,505 (Circuit Lab),,Wed,,02:00:PM - 04:30:PM,-,Khandokar Md. Rahat Hossain,KMRH,1
397,BSCSE,CSE 4326,Microprocessors and Microcontrollers Laboratory,D,505 (Circuit Lab),,Sat,,11:11:AM - 01:40:PM,-,Sidratul Tanzila Tasmi,STT,1
398,BSCSE,CSE 4326,Microprocessors and Microcontrollers Laboratory,F,505 (Circuit Lab),,Wed,,11:11:AM - 01:40:PM,-,Md. Shafqat Talukder,MSTR,1
399,BSCSE,CSE 4326,Microprocessors and Microcontrollers Laboratory,G,505 (Circuit Lab),,Wed,,08:30:AM - 11:00:AM,-,Didarul Islam Didar,DID,1
400,BSCSE,CSE 4326,Microprocessors and Microcontrollers Laboratory,H,505 (Circuit Lab),,Tue,,02:00:PM - 04:30:PM,-,Sidratul Tanzila Tasmi,STT,1
401,BSCSE,CSE 4326,Microprocessors and Microcontrollers Laboratory,I,501 (Circuit Lab),,Sun,,02:00:PM - 04:30:PM,-,Md. Shafqat Talukder,MSTR,1
402,BSCSE,CSE 4326,Microprocessors and Microcontrollers Laboratory,K,505 (Circuit Lab),,Mon,,08:30:AM - 11:00:AM,-,TBA,TBA,1
403,BSCSE,CSE 4326,Microprocessors and Microcontrollers Laboratory,E,505 (Circuit Lab),,Sun,,11:11:AM - 01:40:PM,-,TBA,TBA,1
13,,,,,,CLASS ROUTINE 252,,,,,"monir@admin.uiu,ac.bd",,
,,,,,United International University,,,,,,,,
,,,,Course Offerings: Summer 2025 Trimester,,,,,,,,,
,,,,,,BSCSE/BSDS,,,,,,,
SL,Program,Course,Title,Section,Room1,Room2,Day1,Day2,Time1,Time2,Faculty Name,Faculty,Credit
,,Code,,,,,,,,,,Initial,
404,BSCSE,CSE 4326,Microprocessors and Microcontrollers Laboratory,L(If Required),505 (Circuit Lab),,Mon,,02:00:PM - 04:30:PM,-,TBA,TBA,1
405,BSCSE,CSE 4435,Software Architecture,A,401,401,Sun,Wed,08:30:AM - 09:50:AM,08:30:AM - 09:50:AM,Tanmoy Bipro Das,TBD,3
406,BSCSE,CSE 4435,Software Architecture,B,401,401,Sun,Wed,09:51:AM - 11:10:AM,09:51:AM - 11:10:AM,Tanmoy Bipro Das,TBD,3
407,BSCSE,CSE 4451,Human Computer Interaction,A,404,404,Sat,Tue,11:11:AM - 12:30:PM,11:11:AM - 12:30:PM,Nabila Sabrin Sworna,NSS,3
408,BSCSE,CSE 4451,Human Computer Interaction,B (If Required),724,724,Sat,Tue,09:51:AM - 11:10:AM,09:51:AM - 11:10:AM,TBA,TBA,3
409,BSCSE,CSE 4495,Software Testing and Quality Assurance,A,330,330,Sun,Wed,11:11:AM - 12:30:PM,11:11:AM - 12:30:PM,Mobaswirul Islam,MoIsm,3
410,BSCSE,CSE 4495,Software Testing and Quality Assurance,B,405,405,Sat,Tue,11:11:AM - 12:30:PM,11:11:AM - 12:30:PM,Mobaswirul Islam,MoIsm,3
411,BSCSE,CSE 4509,Operating Systems,A,405,405,Sat,Tue,09:51:AM - 11:10:AM,09:51:AM - 11:10:AM,Sabah Ahmed,SabAd,3
412,BSCSE,CSE 4509,Operating Systems,B,401,401,Sun,Wed,11:11:AM - 12:30:PM,11:11:AM - 12:30:PM,Rakib Ahsan,RbAn,3
413,BSCSE,CSE 4509,Operating Systems,C,403,403,Sat,Tue,08:30:AM - 09:50:AM,08:30:AM - 09:50:AM,Md. Salman Shamil,MSSh,3
414,BSCSE,CSE 4509,Operating Systems,D,402,402,Sun,Wed,09:51:AM - 11:10:AM,09:51:AM - 11:10:AM,Azizur Rahman Anik,ARnA,3
415,BSCSE,CSE 4509,Operating Systems,E,406,406,Sat,Tue,11:11:AM - 12:30:PM,11:11:AM - 12:30:PM,Md. Salman Shamil,MSSh,3
416,BSCSE,CSE 4509,Operating Systems,F,401,401,Sun,Wed,01:51:PM - 03:10:PM,01:51:PM - 03:10:PM,Md. Salman Shamil,MSSh,3
417,BSCSE,CSE 4509,Operating Systems,G,402,402,Sun,Wed,01:51:PM - 03:10:PM,01:51:PM - 03:10:PM,Azizur Rahman Anik,ARnA,3
418,BSCSE,CSE 4510,Operating Systems Laboratory,A,926 (Computer Lab),,Tue,,11:11:AM - 01:40:PM,-,Azizur Rahman Anik,ARnA,1
419,BSCSE,CSE 4510,Operating Systems Laboratory,B,426 (Computer Lab),,Sat,,11:11:AM - 01:40:PM,-,Azizur Rahman Anik,ARnA,1
420,BSCSE,CSE 4510,Operating Systems Laboratory,C,727 (Computer Lab),,Wed,,08:30:AM - 11:00:AM,-,Md. Salman Shamil,MSSh,1
421,BSCSE,CSE 4510,Operating Systems Laboratory,D,826 (Computer Lab),,Sat,,08:30:AM - 11:00:AM,-,Rakib Ahsan,RbAn,1
422,BSCSE,CSE 4510,Operating Systems Laboratory,E,727 (Computer Lab),,Sun,,11:11:AM - 01:40:PM,-,TBA,TBA,1
423,BSCSE,CSE 4510,Operating Systems Laboratory,F,726 (Computer Lab),,Wed,,11:11:AM - 01:40:PM,-,Fairoz Anika,FzAn,1
424,BSCSE,CSE 4510,Operating Systems Laboratory,G,427 (Computer Lab),,Mon,,11:11:AM - 01:40:PM,-,TBA,TBA,1
425,BSCSE,CSE 4510,Operating Systems Laboratory,H,826 (Computer Lab),,Sun,,08:30:AM - 11:00:AM,-,Md. Salman Shamil,MSSh,1
426,BSCSE,CSE 4510,Operating Systems Laboratory,I (If Required),528 (Computer Lab),,Mon,,08:30:AM - 11:00:AM,-,TBA,TBA,1
427,BSCSE,CSE 4510,Operating Systems Laboratory,J (If Required0,826 (Computer Lab),,Sun,,11:11:AM - 01:40:PM,-,TBA,TBA,1
428,BSCSE,CSE 4531,Computer Security,A,403,403,Sun,Wed,09:51:AM - 11:10:AM,09:51:AM - 11:10:AM,Md. Shohrab Hossain,MShH,3
429,BSCSE,CSE 4531,Computer Security,B,402,402,Sun,Wed,08:30:AM - 09:50:AM,08:30:AM - 09:50:AM,Mir Moynuddin Ahmed Shibly,MMAS,3
430,BSCSE,CSE 4531,Computer Security,C,404,404,Sun,Wed,09:51:AM - 11:10:AM,09:51:AM - 11:10:AM,Mir Moynuddin Ahmed Shibly,MMAS,3
431,BSCSE,CSE 4531,Computer Security,D,403,403,Sun,Wed,08:30:AM - 09:50:AM,08:30:AM - 09:50:AM,Md. Nafis Tahmid Akhand,MNTA,3
432,BSCSE,CSE 4587,Cloud Computing,A,826 (Computer Lab),,Sun,,02:00:PM - 04:30:PM,-,Md. Mushfiqul Haque Omi,MHO,3
433,BSCSE,CSE 4611,Compiler Design,A,404,404,Sat,Tue,08:30:AM - 09:50:AM,08:30:AM - 09:50:AM,Nabila Sabrin Sworna,NSS,3
434,BSCSE,CSE 4777,Networks Security,A (If Required),228,228,Sat,Tue,03:11:PM - 04:30:PM,03:11:PM - 04:30:PM,TBA,TBA,3
14,,,,,,CLASS ROUTINE 252,,,,,"monir@admin.uiu,ac.bd",,
,,,,,United International University,,,,,,,,
,,,,Course Offerings: Summer 2025 Trimester,,,,,,,,,
,,,,,,BSCSE/BSDS,,,,,,,
SL,Program,Course,Title,Section,Room1,Room2,Day1,Day2,Time1,Time2,Faculty Name,Faculty,Credit
,,Code,,,,,,,,,,Initial,
435,BSCSE,CSE 4883,Digital Image Processing,A,707,707,Sat,Tue,11:11:AM - 12:30:PM,11:11:AM - 12:30:PM,Md. Tanvir Raihan,MTR,3
436,BSCSE,CSE 4889,Machine Learning,A,406,406,Sat,Tue,09:51:AM - 11:10:AM,09:51:AM - 11:10:AM,Azizur Rahman Anik,ARnA,3
437,BSCSE,CSE 4889,Machine Learning,B,405,405,Sun,Wed,09:51:AM - 11:10:AM,09:51:AM - 11:10:AM,Ohidujjaman,Ojn,3
438,BSCSE,CSE 4889,Machine Learning,C (Time changed),406,406,Sun,Wed,01:51:PM - 03:10:PM,01:51:PM - 03:10:PM,Ohidujjaman,Ojn,3
439,BSCSE,CSE 4889,Machine Learning,D,707,707,Sat,Tue,09:51:AM - 11:10:AM,09:51:AM - 11:10:AM,Shihab Ahmed,ShAhd,3
440,BSCSE,CSE 4889,Machine Learning,E,328,328,Sat,Tue,01:51:PM - 03:10:PM,01:51:PM - 03:10:PM,Sadia Islam,SaIs,3
441,BSCSE,CSE 4891,Data Mining,A,405,405,Sat,Tue,08:30:AM - 09:50:AM,08:30:AM - 09:50:AM,Ohidujjaman,Ojn,3
442,BSCSE,CSE 4891,Data Mining,B,706,706,Sat,Tue,09:51:AM - 11:10:AM,09:51:AM - 11:10:AM,Ohidujjaman,Ojn,3
443,BSCSE,CSE 4891,Data Mining,C (If Required),404,404,Sun,Wed,08:30:AM - 09:50:AM,08:30:AM - 09:50:AM,TBA,TBA,3
444,BSCSE,CSE 4893,Introduction to Bioinformatics,A,706,706,Sat,Tue,11:11:AM - 12:30:PM,11:11:AM - 12:30:PM,Riasat Azim,RtAm,3
445,BSCSE,CSE 4945,UI: Concepts and Design,A,424 (Computer Lab),,Sun,,02:00:PM - 04:30:PM,-,Iftekharul Abedeen,IAb,3
446,BSCSE,ECO 4101,Economics,A,405,405,Sun,Wed,12:31:PM - 01:50:PM,12:31:PM - 01:50:PM,Tanseer Ahamed,TrAd,3
447,BSCSE,ECO 4101,Economics,B,406,406,Sun,Wed,08:30:AM - 09:50:AM,08:30:AM - 09:50:AM,Musharrat Shabnam Shuchi,MSS,3
448,BSCSE,ECO 4101,Economics,C,406,406,Sat,Tue,12:31:PM - 01:50:PM,12:31:PM - 01:50:PM,Tanzila Amir,TaA,3
449,BSCSE,ECO 4101,Economics,D,407,407,Sun,Wed,11:11:AM - 12:30:PM,11:11:AM - 12:30:PM,Tanseer Ahamed,TrAd,3
450,BSCSE,ECO 4101,Economics,E,404,404,Sun,Wed,01:51:PM - 03:10:PM,01:51:PM - 03:10:PM,Tasneem Jahan Tumpa,TJT,3
451,BSCSE,ECO 4101,Economics,F (If Required),307,307,Sun,Wed,03:11:PM - 04:30:PM,03:11:PM - 04:30:PM,Tasneem Jahan Tumpa,TJT,3
452,BSCSE,EEE 2113,Electrical Circuits,A,407,407,Sun,Wed,08:30:AM - 09:50:AM,08:30:AM - 09:50:AM,Rakib Ahsan,RbAn,3
453,BSCSE,EEE 2113,Electrical Circuits,B,406,406,Sat,Tue,08:30:AM - 09:50:AM,08:30:AM - 09:50:AM,Fahim Hafiz,FaHa,3
454,BSCSE,EEE 2113,Electrical Circuits,C,708,708,Sat,Tue,09:51:AM - 11:10:AM,09:51:AM - 11:10:AM,Abdullah Ibne Masud Mahi,AIMM,3
455,BSCSE,EEE 2113,Electrical Circuits,D,408,408,Sun,Wed,09:51:AM - 11:10:AM,09:51:AM - 11:10:AM,Imran Hossain,IHn,3
456,BSCSE,EEE 2113,Electrical Circuits,E,429,429,Sat,Tue,11:11:AM - 12:30:PM,11:11:AM - 12:30:PM,Fairoz Anika,FzAn,3
457,BSCSE,EEE 2113,Electrical Circuits,F,707,707,Sat,Tue,12:31:PM - 01:50:PM,12:31:PM - 01:50:PM,Fahim Hafiz,FaHa,3
458,BSCSE,EEE 2113,Electrical Circuits,M,405,405,Sun,Wed,09:51:AM - 11:10:AM,09:51:AM - 11:10:AM,Sajid Ahmed Chowdhury,SdACh,3
459,BSCSE,EEE 2113,Electrical Circuits,N,309,309,Sun,Wed,03:11:PM - 04:30:PM,03:11:PM - 04:30:PM,M. Fahmin Rahman,MFRn,3
460,BSCSE,EEE 2113,Electrical Circuits,G,329,329,Sat,Tue,01:51:PM - 03:10:PM,01:51:PM - 03:10:PM,Sajid Ahmed Chowdhury,SdACh,3
461,BSCSE,EEE 2113,Electrical Circuits,H,408,408,Sun,Wed,11:11:AM - 12:30:PM,11:11:AM - 12:30:PM,Imran Hossain,IHn,3
462,BSCSE,EEE 2113,Electrical Circuits,I,708,708,Sat,Tue,12:31:PM - 01:50:PM,12:31:PM - 01:50:PM,Md. Muhaiminul Islam Nafi,MMIN,3
463,BSCSE,EEE 2113,Electrical Circuits,J,406,406,Sun,Wed,12:31:PM - 01:50:PM,12:31:PM - 01:50:PM,M. Fahmin Rahman,MFRn,3
464,BSCSE,EEE 2113,Electrical Circuits,K,330,330,Sat,Tue,01:51:PM - 03:10:PM,01:51:PM - 03:10:PM,Abdullah Ibne Masud Mahi,AIMM,3
465,BSCSE,EEE 2113,Electrical Circuits,L,308,308,Sun,Wed,03:11:PM - 04:30:PM,03:11:PM - 04:30:PM,Fahim Hafiz,FaHa,3
15,,,,,,CLASS ROUTINE 252,,,,,"monir@admin.uiu,ac.bd",,
,,,,,United International University,,,,,,,,
,,,,Course Offerings: Summer 2025 Trimester,,,,,,,,,
,,,,,,BSCSE/BSDS,,,,,,,
SL,Program,Course,Title,Section,Room1,Room2,Day1,Day2,Time1,Time2,Faculty Name,Faculty,Credit
,,Code,,,,,,,,,,Initial,
466,BSCSE,EEE 2123,Electronics,A,410,410,Sat,Tue,09:51:AM - 11:10:AM,09:51:AM - 11:10:AM,Taki Yashir,TY,3
467,BSCSE,EEE 2123,Electronics,B,408,408,Sun,Wed,08:30:AM - 09:50:AM,08:30:AM - 09:50:AM,Taki Yashir,TY,3
468,BSCSE,EEE 2123,Electronics,C,425,425,Sat,Tue,09:51:AM - 11:10:AM,09:51:AM - 11:10:AM,Md. Abid Hossain,AbHn,3
469,BSCSE,EEE 2123,Electronics,D,409,409,Sun,Wed,11:11:AM - 12:30:PM,11:11:AM - 12:30:PM,Taki Yashir,TY,3
470,BSCSE,EEE 2123,Electronics,E,711,711,Sat,Tue,12:31:PM - 01:50:PM,12:31:PM - 01:50:PM,Md. Abid Hossain,AbHn,3
471,BSCSE,EEE 2123,Electronics,F,322,322,Sun,Wed,03:11:PM - 04:30:PM,03:11:PM - 04:30:PM,Nabila Tasfiha Rahman,NTR,3
472,BSCSE,EEE 2123,Electronics,M (If Required),402,402,Sat,Tue,01:51:PM - 03:10:PM,01:51:PM - 03:10:PM,TBA,TBA,3
473,BSCSE,EEE 2123,Electronics,N (If Required),407,407,Sun,Wed,01:51:PM - 03:10:PM,01:51:PM - 03:10:PM,TBA,TBA,3
474,BSCSE,EEE 2123,Electronics,G,406,406,Sun,Wed,01:51:PM - 03:10:PM,01:51:PM - 03:10:PM,Noman Asif Aditya,NoAA,3
475,BSCSE,EEE 2123,Electronics,H,401,401,Sat,Tue,01:51:PM - 03:10:PM,01:51:PM - 03:10:PM,Noman Asif Aditya,NoAA,3
476,BSCSE,EEE 2123,Electronics,I,707,707,Sat,Tue,08:30:AM - 09:50:AM,08:30:AM - 09:50:AM,Nabila Tasfiha Rahman,NTR,3
477,BSCSE,EEE 2123,Electronics,J,409,409,Sun,Wed,08:30:AM - 09:50:AM,08:30:AM - 09:50:AM,Nabila Tasfiha Rahman,NTR,3
478,BSCSE,EEE 2123,Electronics,K,410,410,Sat,Tue,12:31:PM - 01:50:PM,12:31:PM - 01:50:PM,Noman Asif Aditya,NoAA,3
479,BSCSE,EEE 2123,Electronics,L,407,407,Sun,Wed,12:31:PM - 01:50:PM,12:31:PM - 01:50:PM,Md. Abid Hossain,AbHn,3
480,BSCSE,EEE 2124,Electronics Laboratory,A,504 (Circuit Lab),,Wed,,08:30:AM - 11:00:AM,-,Md. Abid Hossain,AbHn,1
481,BSCSE,EEE 2124,Electronics Laboratory,B,504 (Circuit Lab),,Sun,,11:11:AM - 01:40:PM,-,Noman Asif Aditya,NoAA,1
482,BSCSE,EEE 2124,Electronics Laboratory,C,504 (Circuit Lab),,Sat,,11:11:AM - 01:40:PM,-,Nabila Tasfiha Rahman,NTR,1
483,BSCSE,EEE 2124,Electronics Laboratory,D,504 (Circuit Lab),,Tue,,11:11:AM - 01:40:PM,-,Nabila Tasfiha Rahman,NTR,1
484,BSCSE,EEE 2124,Electronics Laboratory,F,504 (Circuit Lab),,Tue,,02:00:PM - 04:30:PM,-,Md. Muhaiminul Islam Nafi,MMIN,1
485,BSCSE,EEE 2124,Electronics Laboratory,G,504 (Circuit Lab),,Wed,,02:00:PM - 04:30:PM,-,Noman Asif Aditya,NoAA,1
486,BSCSE,EEE 2124,Electronics Laboratory,M,501 (Circuit Lab),,Mon,,08:30:AM - 11:00:AM,-,M. Fahmin Rahman,MFRn,1
487,BSCSE,EEE 2124,Electronics Laboratory,N,501 (Circuit Lab),,Mon,,11:11:AM - 01:40:PM,-,M. Fahmin Rahman,MFRn,1
488,BSCSE,EEE 2124,Electronics Laboratory,O,501 (Circuit Lab),,Mon,,02:00:PM - 04:30:PM,-,Imran Hossain,IHn,1
489,BSCSE,EEE 2124,Electronics Laboratory,P,504 (Circuit Lab),,Mon,,08:30:AM - 11:00:AM,-,Imran Hossain,IHn,1
490,BSCSE,EEE 2124,Electronics Laboratory,Q (If Required),504 (Circuit Lab),,Mon,,11:11:AM - 01:40:PM,-,TBA,TBA,1
491,BSCSE,EEE 2124,Electronics Laboratory,R (If Required),504 (Circuit Lab),,Mon,,02:00:PM - 04:30:PM,-,TBA,TBA,1
492,BSCSE,EEE 2124,Electronics Laboratory,E,504 (Circuit Lab),,Wed,,11:11:AM - 01:40:PM,-,Taki Yashir,TY,1
493,BSCSE,EEE 2124,Electronics Laboratory,H,501 (Circuit Lab),,Sun,,08:30:AM - 11:00:AM,-,Md. Abid Hossain,AbHn,1
494,BSCSE,EEE 2124,Electronics Laboratory,I,501 (Circuit Lab),,Wed,,11:11:AM - 01:40:PM,-,Md. Muhaiminul Islam Nafi,MMIN,1
495,BSCSE,EEE 2124,Electronics Laboratory,J,501 (Circuit Lab),,Tue,,11:11:AM - 01:40:PM,-,M. Fahmin Rahman,MFRn,1
496,BSCSE,EEE 2124,Electronics Laboratory,K,501 (Circuit Lab),,Sat,,11:11:AM - 01:40:PM,-,Taki Yashir,TY,1
16,,,,,,CLASS ROUTINE 252,,,,,"monir@admin.uiu,ac.bd",,
,,,,,United International University,,,,,,,,
,,,,Course Offerings: Summer 2025 Trimester,,,,,,,,,
,,,,,,BSCSE/BSDS,,,,,,,
SL,Program,Course,Title,Section,Room1,Room2,Day1,Day2,Time1,Time2,Faculty Name,Faculty,Credit
,,Code,,,,,,,,,,Initial,
497,BSCSE,EEE 2124,Electronics Laboratory,L,501 (Circuit Lab),,Sun,,11:11:AM - 01:40:PM,-,Md. Muhaiminul Islam Nafi,MMIN,1
498,BSCSE,EEE 4261,Green Computing,A,410,410,Sun,Wed,08:30:AM - 09:50:AM,08:30:AM - 09:50:AM,Md. Motaharul Islam,MdMIm,3
499,BSCSE,EEE 4261,Green Computing,B,706,706,Sat,Tue,08:30:AM - 09:50:AM,08:30:AM - 09:50:AM,Md. Nafis Tahmid Akhand,MNTA,3
500,BSCSE,ENG 1011,English I,AA,,,Sat,Tue,08:30:AM - 09:50:AM,08:30:AM - 09:50:AM,Christina Miti Rozario,ChMR,3
501,BSCSE,ENG 1011,English I,AB,,,Sun,Wed,08:30:AM - 09:50:AM,08:30:AM - 09:50:AM,Christina Miti Rozario,ChMR,3
502,BSCSE,ENG 1011,English I,AC,,,Sat,Tue,09:51:AM - 11:10:AM,09:51:AM - 11:10:AM,Audree Shariar Kazi,AShK,3
503,BSCSE,ENG 1011,English I,AD,,,Sun,Wed,09:51:AM - 11:10:AM,09:51:AM - 11:10:AM,Audree Shariar Kazi,AShK,3
504,BSCSE,ENG 1011,English I,AE,,,Sat,Tue,11:11:AM - 12:30:PM,11:11:AM - 12:30:PM,Christina Miti Rozario,ChMR,3
505,BSCSE,ENG 1011,English I,AF,,,Sun,Wed,11:11:AM - 12:30:PM,11:11:AM - 12:30:PM,Audree Shariar Kazi,AShK,3
506,BSCSE,ENG 1011,English I,AG,,,Sat,Tue,12:31:PM - 01:50:PM,12:31:PM - 01:50:PM,Audree Shariar Kazi,AShK,3
507,BSCSE,ENG 1011,English I,AH,,,Sun,Wed,12:31:PM - 01:50:PM,12:31:PM - 01:50:PM,Saima Hasin,SaHn,3
508,BSCSE,ENG 1011,English I,AI,,,Sat,Tue,01:51:PM - 03:10:PM,01:51:PM - 03:10:PM,Sharif Mohammad Shahidullah,ShMSh,3
509,BSCSE,ENG 1011,English I,AJ,,,Sun,Wed,01:51:PM - 03:10:PM,01:51:PM - 03:10:PM,Saima Hasin,SaHn,3
510,BSCSE,ENG 1011,English I,AK (If Required),,,Sat,Tue,01:51:PM - 03:10:PM,01:51:PM - 03:10:PM,TBA,TBA,3
511,BSCSE,ENG 1011,English I,AL (If Required),,,Sun,Wed,03:11:PM - 04:30:PM,03:11:PM - 04:30:PM,TBA,TBA,3
512,BSCSE,ENG 1013,English II,AA,,,Sat,Tue,12:31:PM - 01:50:PM,12:31:PM - 01:50:PM,Md. Ziaul Karim,MZK,3
513,BSCSE,ENG 1013,English II,AB,,,Sun,Wed,12:31:PM - 01:50:PM,12:31:PM - 01:50:PM,Aysha Akther Shumi,AArSh,3
514,BSCSE,ENG 1013,English II,AC,,,Sat,Tue,01:51:PM - 03:10:PM,01:51:PM - 03:10:PM,Md. Redwan Islam,RnIm,3
515,BSCSE,ENG 1013,English II,AD,,,Sun,Wed,01:51:PM - 03:10:PM,01:51:PM - 03:10:PM,Sharif Mohammad Shahidullah,ShMSh,3
516,BSCSE,ENG 1013,English II,AE,,,Sun,Wed,03:11:PM - 04:30:PM,03:11:PM - 04:30:PM,Sharif Mohammad Shahidullah,ShMSh,3
517,BSCSE,ENG 1013,English II,AF,,,Sat,Tue,08:30:AM - 09:50:AM,08:30:AM - 09:50:AM,Khadijatul Jannat Sumi,KhJS,3
518,BSCSE,ENG 1013,English II,AG,,,Sun,Wed,08:30:AM - 09:50:AM,08:30:AM - 09:50:AM,Khadijatul Jannat Sumi,KhJS,3
519,BSCSE,ENG 1013,English II,AH,,,Sat,Tue,09:51:AM - 11:10:AM,09:51:AM - 11:10:AM,Md. Ziaul Karim,MZK,3
520,BSCSE,ENG 1013,English II,AI,,,Sun,Wed,09:51:AM - 11:10:AM,09:51:AM - 11:10:AM,Khadijatul Jannat Sumi,KhJS,3
521,BSCSE,ENG 1013,English II,AJ (if required),,,Sat,Tue,11:11:AM - 12:30:PM,11:11:AM - 12:30:PM,TBA,TBA,3
522,BSCSE,MATH 1151,Fundamental Calculus,A,425,425,Sat,Tue,08:30:AM - 09:50:AM,08:30:AM - 09:50:AM,Tahmid Nowsher,TN,3
523,BSCSE,MATH 1151,Fundamental Calculus,B,428,428,Sun,Wed,09:51:AM - 11:10:AM,09:51:AM - 11:10:AM,Nasrina Parvin,NPn,3
524,BSCSE,MATH 1151,Fundamental Calculus,C,432,432,Sat,Tue,09:51:AM - 11:10:AM,09:51:AM - 11:10:AM,Nasrina Parvin,NPn,3
525,BSCSE,MATH 1151,Fundamental Calculus,D,428,428,Sat,Tue,08:30:AM - 09:50:AM,08:30:AM - 09:50:AM,Nazia Shifa Mugdha,NSM,3
526,BSCSE,MATH 1151,Fundamental Calculus,E,602,602,Sat,Tue,11:11:AM - 12:30:PM,11:11:AM - 12:30:PM,Tahmid Nowsher,TN,3
527,BSCSE,MATH 1151,Fundamental Calculus,F,431,431,Sat,Tue,12:31:PM - 01:50:PM,12:31:PM - 01:50:PM,Jashodhan Saha,JAS,3
17,,,,,,CLASS ROUTINE 252,,,,,"monir@admin.uiu,ac.bd",,
,,,,,United International University,,,,,,,,
,,,,Course Offerings: Summer 2025 Trimester,,,,,,,,,
,,,,,,BSCSE/BSDS,,,,,,,
SL,Program,Course,Title,Section,Room1,Room2,Day1,Day2,Time1,Time2,Faculty Name,Faculty,Credit
,,Code,,,,,,,,,,Initial,
528,BSCSE,MATH 1151,Fundamental Calculus,M,330,330,Sun,Wed,03:11:PM - 04:30:PM,03:11:PM - 04:30:PM,Nazia Shifa Mugdha,NSM,3
529,BSCSE,MATH 1151,Fundamental Calculus,N,706,706,Sat,Tue,01:51:PM - 03:10:PM,01:51:PM - 03:10:PM,Nasrina Parvin,NPn,3
530,BSCSE,MATH 1151,Fundamental Calculus,O,603,603,Sat,Tue,11:11:AM - 12:30:PM,11:11:AM - 12:30:PM,Nazia Shifa Mugdha,NSM,3
531,BSCSE,MATH 1151,Fundamental Calculus,P,428,428,Sun,Wed,01:51:PM - 03:10:PM,01:51:PM - 03:10:PM,TBA,TBA,3
532,BSCSE,MATH 1151,Fundamental Calculus,Q,431,431,Sun,Wed,08:30:AM - 09:50:AM,08:30:AM - 09:50:AM,TBA,TBA,3
533,BSCSE,MATH 1151,Fundamental Calculus,G,707,707,Sat,Tue,01:51:PM - 03:10:PM,01:51:PM - 03:10:PM,Md. Mutasim Billah Kouser,MMBK,3
534,BSCSE,MATH 1151,Fundamental Calculus,H,428,428,Sun,Wed,11:11:AM - 12:30:PM,11:11:AM - 12:30:PM,S.M. Yiasir Arafat,SMYA,3
535,BSCSE,MATH 1151,Fundamental Calculus,I,425,425,Sun,Wed,12:31:PM - 01:50:PM,12:31:PM - 01:50:PM,Jashodhan Saha,JAS,3
536,BSCSE,MATH 1151,Fundamental Calculus,J,425,425,Sun,Wed,01:51:PM - 03:10:PM,01:51:PM - 03:10:PM,TBA,TBA,3
537,BSCSE,MATH 1151,Fundamental Calculus,K,329,329,Sun,Wed,03:11:PM - 04:30:PM,03:11:PM - 04:30:PM,S.M. Yiasir Arafat,SMYA,3
538,BSCSE,MATH 1151,Fundamental Calculus,L,429,429,Sun,Wed,08:30:AM - 09:50:AM,08:30:AM - 09:50:AM,Sidratul Muntaha,SiMu,3
539,BSCSE,MATH 2183,Calculus and Linear Algebra,A,429,429,Sat,Tue,08:30:AM - 09:50:AM,08:30:AM - 09:50:AM,Md. Mutasim Billah Kouser,MMBK,3
540,BSCSE,MATH 2183,Calculus and Linear Algebra,B,432,432,Sun,Wed,08:30:AM - 09:50:AM,08:30:AM - 09:50:AM,Shaiful Islam Arafat,ShIA,3
541,BSCSE,MATH 2183,Calculus and Linear Algebra,C,429,429,Sun,Wed,09:51:AM - 11:10:AM,09:51:AM - 11:10:AM,Shaiful Islam Arafat,ShIA,3
542,BSCSE,MATH 2183,Calculus and Linear Algebra,D,601,601,Sat,Tue,09:51:AM - 11:10:AM,09:51:AM - 11:10:AM,Nazmul Hasan,NzHn,3
543,BSCSE,MATH 2183,Calculus and Linear Algebra,E,431,431,Sun,Wed,11:11:AM - 12:30:PM,11:11:AM - 12:30:PM,Saima Akter,SamAr,3
544,BSCSE,MATH 2183,Calculus and Linear Algebra,F,429,429,Sun,Wed,12:31:PM - 01:50:PM,12:31:PM - 01:50:PM,Nasrina Parvin,NPn,3
545,BSCSE,MATH 2183,Calculus and Linear Algebra,S (If Required),425,425,Sat,Tue,01:51:PM - 03:10:PM,01:51:PM - 03:10:PM,TBA,TBA,3
546,BSCSE,MATH 2183,Calculus and Linear Algebra,T (If Required),631,631,Sat,Tue,12:31:PM - 01:50:PM,12:31:PM - 01:50:PM,TBA,TBA,3
547,BSCSE,MATH 2183,Calculus and Linear Algebra,M,602,602,Sat,Tue,09:51:AM - 11:10:AM,09:51:AM - 11:10:AM,Md. Aminur Islam,MdAIm,3
548,BSCSE,MATH 2183,Calculus and Linear Algebra,N,711,711,Sat,Tue,01:51:PM - 03:10:PM,01:51:PM - 03:10:PM,Md. Asadujjaman,MdAsn,3
549,BSCSE,MATH 2183,Calculus and Linear Algebra,O,429,429,Sun,Wed,01:51:PM - 03:10:PM,01:51:PM - 03:10:PM,Saima Akter,SamAr,3
550,BSCSE,MATH 2183,Calculus and Linear Algebra,P,431,431,Sun,Wed,09:51:AM - 11:10:AM,09:51:AM - 11:10:AM,Nazia Shifa Mugdha,NSM,3
551,BSCSE,MATH 2183,Calculus and Linear Algebra,Q,603,603,Sat,Tue,09:51:AM - 11:10:AM,09:51:AM - 11:10:AM,Md. Mutasim Billah Kouser,MMBK,3
552,BSCSE,MATH 2183,Calculus and Linear Algebra,R (If Required),431,431,Sun,Wed,01:51:PM - 03:10:PM,01:51:PM - 03:10:PM,TBA,TBA,3
553,BSCSE,MATH 2183,Calculus and Linear Algebra,G,604,604,Sat,Tue,11:11:AM - 12:30:PM,11:11:AM - 12:30:PM,A.K.M. Rayhan,AKMRn,3
554,BSCSE,MATH 2183,Calculus and Linear Algebra,H,401,401,Sun,Wed,03:11:PM - 04:30:PM,03:11:PM - 04:30:PM,A.K.M. Rayhan,AKMRn,3
555,BSCSE,MATH 2183,Calculus and Linear Algebra,I,432,432,Sat,Tue,12:31:PM - 01:50:PM,12:31:PM - 01:50:PM,Md. Asadujjaman,MdAsn,3
556,BSCSE,MATH 2183,Calculus and Linear Algebra,J,402,402,Sun,Wed,03:11:PM - 04:30:PM,03:11:PM - 04:30:PM,Saima Akter,SamAr,3
557,BSCSE,MATH 2183,Calculus and Linear Algebra,K,431,431,Sat,Tue,08:30:AM - 09:50:AM,08:30:AM - 09:50:AM,Saidul Islam,SIsm,3
558,BSCSE,MATH 2183,Calculus and Linear Algebra,L,601,601,Sun,Wed,08:30:AM - 09:50:AM,08:30:AM - 09:50:AM,Nazmul Hasan,NzHn,3
18,,,,,,CLASS ROUTINE 252,,,,,"monir@admin.uiu,ac.bd",,
,,,,,United International University,,,,,,,,
,,,,Course Offerings: Summer 2025 Trimester,,,,,,,,,
,,,,,,BSCSE/BSDS,,,,,,,
SL,Program,Course,Title,Section,Room1,Room2,Day1,Day2,Time1,Time2,Faculty Name,Faculty,Credit
,,Code,,,,,,,,,,Initial,
559,BSCSE,MATH 2201,Coordinate Geometry and Vector Analysis,A,,,Sat,Tue,08:30:AM - 09:50:AM,08:30:AM - 09:50:AM,S.M. Yiasir Arafat,SMYA,3
560,BSCSE,MATH 2201,Coordinate Geometry and Vector Analysis,B,,,Sun,Wed,08:30:AM - 09:50:AM,08:30:AM - 09:50:AM,Muhaiminul Islam Adnan,MIA,3
561,BSCSE,MATH 2201,Coordinate Geometry and Vector Analysis,C,,,Sun,Wed,09:51:AM - 11:10:AM,09:51:AM - 11:10:AM,Muhaiminul Islam Adnan,MIA,3
562,BSCSE,MATH 2201,Coordinate Geometry and Vector Analysis,D,,,Sat,Tue,09:51:AM - 11:10:AM,09:51:AM - 11:10:AM,Muhaiminul Islam Adnan,MIA,3
563,BSCSE,MATH 2201,Coordinate Geometry and Vector Analysis,E,,,Sun,Wed,11:11:AM - 12:30:PM,11:11:AM - 12:30:PM,Md. Aminur Islam,MdAIm,3
564,BSCSE,MATH 2201,Coordinate Geometry and Vector Analysis,F,,,Sun,Wed,12:31:PM - 01:50:PM,12:31:PM - 01:50:PM,Sidratul Muntaha,SiMu,3
565,BSCSE,MATH 2201,Coordinate Geometry and Vector Analysis,M,,,Sat,Tue,12:31:PM - 01:50:PM,12:31:PM - 01:50:PM,Md. Aminur Islam,MdAIm,3
566,BSCSE,MATH 2201,Coordinate Geometry and Vector Analysis,N,,,Sun,Wed,12:31:PM - 01:50:PM,12:31:PM - 01:50:PM,TBA,TBA,3
567,BSCSE,MATH 2201,Coordinate Geometry and Vector Analysis,O,,,Sun,Wed,08:30:AM - 09:50:AM,08:30:AM - 09:50:AM,TBA,TBA,3
568,BSCSE,MATH 2201,Coordinate Geometry and Vector Analysis,P (If Required),,,Sat,Tue,09:51:AM - 11:10:AM,09:51:AM - 11:10:AM,TBA,TBA,3
569,BSCSE,MATH 2201,Coordinate Geometry and Vector Analysis,G,,,Sun,Wed,01:51:PM - 03:10:PM,01:51:PM - 03:10:PM,Nazmul Hasan,NzHn,3
570,BSCSE,MATH 2201,Coordinate Geometry and Vector Analysis,H,,,Sun,Wed,03:11:PM - 04:30:PM,03:11:PM - 04:30:PM,Nazmul Hasan,NzHn,3
571,BSCSE,MATH 2201,Coordinate Geometry and Vector Analysis,I,,,Sun,Wed,12:31:PM - 01:50:PM,12:31:PM - 01:50:PM,Md. Moynul Islam,MoIm,3
572,BSCSE,MATH 2201,Coordinate Geometry and Vector Analysis,J,,,Sun,Wed,03:11:PM - 04:30:PM,03:11:PM - 04:30:PM,Md. Aminur Islam,MdAIm,3
573,BSCSE,MATH 2201,Coordinate Geometry and Vector Analysis,K,,,Sun,Wed,01:51:PM - 03:10:PM,01:51:PM - 03:10:PM,Muhaiminul Islam Adnan,MIA,3
574,BSCSE,MATH 2201,Coordinate Geometry and Vector Analysis,L,,,Sat,Tue,01:51:PM - 03:10:PM,01:51:PM - 03:10:PM,Sidratul Muntaha,SiMu,3
575,BSCSE,MATH 2205,Probability and Statistics,A,601,601,Sat,Tue,08:30:AM - 09:50:AM,08:30:AM - 09:50:AM,Jashodhan Saha,JAS,3
576,BSCSE,MATH 2205,Probability and Statistics,B,604,604,Sun,Wed,08:30:AM - 09:50:AM,08:30:AM - 09:50:AM,Mahtab Uddin,MUn,3
577,BSCSE,MATH 2205,Probability and Statistics,C,605,605,Sat,Tue,09:51:AM - 11:10:AM,09:51:AM - 11:10:AM,Mahtab Uddin,MUn,3
578,BSCSE,MATH 2205,Probability and Statistics,D,429,429,Sat,Tue,01:51:PM - 03:10:PM,01:51:PM - 03:10:PM,Mahtab Uddin,MUn,3
579,BSCSE,MATH 2205,Probability and Statistics,E,631,631,Sat,Tue,09:51:AM - 11:10:AM,09:51:AM - 11:10:AM,Ashek Ahmed,AkAd,3
580,BSCSE,MATH 2205,Probability and Statistics,F,431,431,Sat,Tue,01:51:PM - 03:10:PM,01:51:PM - 03:10:PM,Md. Moynul Islam,MoIm,3
581,BSCSE,MATH 2205,Probability and Statistics,M,602,602,Sun,Wed,09:51:AM - 11:10:AM,09:51:AM - 11:10:AM,Jashodhan Saha,JAS,3
582,BSCSE,MATH 2205,Probability and Statistics,N (If Required),601,601,Sat,Tue,01:51:PM - 03:10:PM,01:51:PM - 03:10:PM,TBA,TBA,3
583,BSCSE,MATH 2205,Probability and Statistics,O (If Required),602,602,Sat,Tue,01:51:PM - 03:10:PM,01:51:PM - 03:10:PM,TBA,TBA,3
584,BSCSE,MATH 2205,Probability and Statistics,G,602,602,Sun,Wed,01:51:PM - 03:10:PM,01:51:PM - 03:10:PM,Mahtab Uddin,MUn,3
585,BSCSE,MATH 2205,Probability and Statistics,H,405,405,Sun,Wed,03:11:PM - 04:30:PM,03:11:PM - 04:30:PM,Md. Moynul Islam,MoIm,3
586,BSCSE,MATH 2205,Probability and Statistics,I,605,605,Sun,Wed,08:30:AM - 09:50:AM,08:30:AM - 09:50:AM,A.K.M. Rayhan,AKMRn,3
587,BSCSE,MATH 2205,Probability and Statistics,J,432,432,Sat,Tue,01:51:PM - 03:10:PM,01:51:PM - 03:10:PM,A.K.M. Rayhan,AKMRn,3
588,BSCSE,MATH 2205,Probability and Statistics,K,602,602,Sat,Tue,08:30:AM - 09:50:AM,08:30:AM - 09:50:AM,Md. Moynul Islam,MoIm,3
589,BSCSE,MATH 2205,Probability and Statistics,L,601,601,Sun,Wed,09:51:AM - 11:10:AM,09:51:AM - 11:10:AM,Ashek Ahmed,AkAd,3
19,,,,,,CLASS ROUTINE 252,,,,,"monir@admin.uiu,ac.bd",,
,,,,,United International University,,,,,,,,
,,,,Course Offerings: Summer 2025 Trimester,,,,,,,,,
,,,,,,BSCSE/BSDS,,,,,,,
SL,Program,Course,Title,Section,Room1,Room2,Day1,Day2,Time1,Time2,Faculty Name,Faculty,Credit
,,Code,,,,,,,,,,Initial,
590,BSCSE,PHY 2105,Physics,A,,,Sat,Tue,09:51:AM - 11:10:AM,09:51:AM - 11:10:AM,Sagar Dutta,SaDa,3
591,BSCSE,PHY 2105,Physics,B,,,Sun,Wed,09:51:AM - 11:10:AM,09:51:AM - 11:10:AM,Anindita Adri,AnAd,3
592,BSCSE,PHY 2105,Physics,C,,,Sun,Wed,08:30:AM - 09:50:AM,08:30:AM - 09:50:AM,Md. Asaduzzaman,MAn,3
593,BSCSE,PHY 2105,Physics,D,,,Sat,Tue,08:30:AM - 09:50:AM,08:30:AM - 09:50:AM,Md. Asaduzzaman,MAn,3
594,BSCSE,PHY 2105,Physics,E,,,Sun,Wed,09:51:AM - 11:10:AM,09:51:AM - 11:10:AM,Rabeya Bakar Sarna,RBS,3
595,BSCSE,PHY 2105,Physics,F,,,Sun,Wed,11:11:AM - 12:30:PM,11:11:AM - 12:30:PM,Golam Mohammed Bhuiyan,GMB,3
596,BSCSE,PHY 2105,Physics,T (If Required),,,Sun,Wed,01:51:PM - 03:10:PM,01:51:PM - 03:10:PM,TBA,TBA,3
597,BSCSE,PHY 2105,Physics,U (If Required),,,Sun,Wed,03:11:PM - 04:30:PM,03:11:PM - 04:30:PM,TBA,TBA,3
598,BSCSE,PHY 2105,Physics,S (If Required),,,Sun,Wed,03:11:PM - 04:30:PM,03:11:PM - 04:30:PM,TBA,TBA,3
599,BSCSE,PHY 2105,Physics,M,,,Sat,Tue,12:31:PM - 01:50:PM,12:31:PM - 01:50:PM,Nayeem Bin Zahid,NBZ,3
600,BSCSE,PHY 2105,Physics,N,,,Sun,Wed,01:51:PM - 03:10:PM,01:51:PM - 03:10:PM,Sagar Dutta,SaDa,3
601,BSCSE,PHY 2105,Physics,O,,,Sun,Wed,03:11:PM - 04:30:PM,03:11:PM - 04:30:PM,Rahil Afzal Nihal,RaAN,3
602,BSCSE,PHY 2105,Physics,P,,,Sat,Tue,01:51:PM - 03:10:PM,01:51:PM - 03:10:PM,Aymaan Fyroz,AyFz,3
603,BSCSE,PHY 2105,Physics,Q,,,Sat,Tue,09:51:AM - 11:10:AM,09:51:AM - 11:10:AM,Aymaan Fyroz,AyFz,3
604,BSCSE,PHY 2105,Physics,R,,,Sat,Tue,01:51:PM - 03:10:PM,01:51:PM - 03:10:PM,Rabeya Bakar Sarna,RBS,3
605,BSCSE,PHY 2105,Physics,G,,,Sun,Wed,12:31:PM - 01:50:PM,12:31:PM - 01:50:PM,Md. Nobir Hosen,MNHn,3
606,BSCSE,PHY 2105,Physics,H,,,Sat,Tue,11:11:AM - 12:30:PM,11:11:AM - 12:30:PM,Md. Asaduzzaman,MAn,3
607,BSCSE,PHY 2105,Physics,I,,,Sun,Wed,12:31:PM - 01:50:PM,12:31:PM - 01:50:PM,Golam Mohammed Bhuiyan,GMB,3
608,BSCSE,PHY 2105,Physics,J,,,Sat,Tue,12:31:PM - 01:50:PM,12:31:PM - 01:50:PM,Sagar Dutta,SaDa,3
609,BSCSE,PHY 2105,Physics,K,,,Sun,Wed,09:51:AM - 11:10:AM,09:51:AM - 11:10:AM,S.M. Hasibul Hassan Rizvee,HaHR,3
610,BSCSE,PHY 2105,Physics,L,,,Sat,Tue,12:31:PM - 01:50:PM,12:31:PM - 01:50:PM,S.M. Hasibul Hassan Rizvee,HaHR,3
611,BSCSE,PHY 2106,Physics Laboratory,A,,,Wed,,11:11:AM - 01:40:PM,-,Sagar Dutta,SaDa,1
612,BSCSE,PHY 2106,Physics Laboratory,B,510 (Physics Lab),,Sat,,11:11:AM - 01:40:PM,-,Anindita Adri,AnAd,1
613,BSCSE,PHY 2106,Physics Laboratory,E,,,Sat,,08:30:AM - 11:00:AM,-,Rabeya Bakar Sarna,RBS,1
614,BSCSE,PHY 2106,Physics Laboratory,C,,,Tue,,11:11:AM - 01:40:PM,-,Rahil Afzal Nihal,RaAN,1
615,BSCSE,PHY 2106,Physics Laboratory,D,510 (Physics Lab),,Sun,,11:11:AM - 01:40:PM,-,Rabeya Bakar Sarna,RBS,1
616,BSCSE,PHY 2106,Physics Laboratory,F,,,Tue,,02:00:PM - 04:30:PM,-,TBA,TBA,1
617,BSCSE,PHY 2106,Physics Laboratory,O,,,Mon,,11:11:AM - 01:40:PM,-,TBA,TBA,1
618,BSCSE,PHY 2106,Physics Laboratory,P,,,Tue,,11:11:AM - 01:40:PM,-,TBA,TBA,1
619,BSCSE,PHY 2106,Physics Laboratory,T (If Required),,,Mon,,02:00:PM - 04:30:PM,-,TBA,TBA,1
620,BSCSE,PHY 2106,Physics Laboratory,Q,,,Sun,,08:30:AM - 11:00:AM,-,TBA,TBA,1
20,,,,,,CLASS ROUTINE 252,,,,,"monir@admin.uiu,ac.bd",,
,,,,,United International University,,,,,,,,
,,,,Course Offerings: Summer 2025 Trimester,,,,,,,,,
,,,,,,BSCSE/BSDS,,,,,,,
SL,Program,Course,Title,Section,Room1,Room2,Day1,Day2,Time1,Time2,Faculty Name,Faculty,Credit
,,Code,,,,,,,,,,Initial,
621,BSCSE,PHY 2106,Physics Laboratory,R,,,Sun,,02:00:PM - 04:30:PM,-,TBA,TBA,1
622,BSCSE,PHY 2106,Physics Laboratory,S (If Required),,,Mon,,08:30:AM - 11:00:AM,-,TBA,TBA,1
623,BSCSE,PHY 2106,Physics Laboratory,H,,,Wed,,08:30:AM - 11:00:AM,-,Aymaan Fyroz,AyFz,1
624,BSCSE,PHY 2106,Physics Laboratory,I,,,Wed,,02:00:PM - 04:30:PM,-,Aymaan Fyroz,AyFz,1
625,BSCSE,PHY 2106,Physics Laboratory,J,,,Tue,,08:30:AM - 11:00:AM,-,S.M. Hasibul Hassan Rizvee,HaHR,1
626,BSCSE,PHY 2106,Physics Laboratory,K,,,Wed,,02:00:PM - 04:30:PM,-,Nayeem Bin Zahid,NBZ,1
627,BSCSE,PHY 2106,Physics Laboratory,L,,,Tue,,08:30:AM - 11:00:AM,-,Anindita Adri,AnAd,1
628,BSCSE,PHY 2106,Physics Laboratory,M,,,Wed,,08:30:AM - 11:00:AM,-,Md. Nobir Hosen,MNHn,1
629,BSCSE,PMG 4101,Project Management,A,630,630,Sat,Tue,11:11:AM - 12:30:PM,11:11:AM - 12:30:PM,Md. Muhyminul Haque,MdMH,3
630,BSCSE,PMG 4101,Project Management,B,604,604,Sat,Tue,08:30:AM - 09:50:AM,08:30:AM - 09:50:AM,Md. Muhyminul Haque,MdMH,3
631,BSCSE,PMG 4101,Project Management,C,604,604,Sun,Wed,12:31:PM - 01:50:PM,12:31:PM - 01:50:PM,Suman Ahmmed,SA,3
632,BSCSE,PMG 4101,Project Management,D,605,605,Sat,Tue,12:31:PM - 01:50:PM,12:31:PM - 01:50:PM,Md. Muhyminul Haque,MdMH,3
633,BSCSE,PMG 4101,Project Management,E (If required),409,409,Sun,Wed,03:11:PM - 04:30:PM,03:11:PM - 04:30:PM,TBA,TBA,3
634,BSCSE,PSY 2101,Psychology,A,,,Sun,Wed,03:11:PM - 04:30:PM,03:11:PM - 04:30:PM,TBA,TBA,3
635,BSCSE,SOC 2101,"Society, Environment and Engineering Ethics",A,,,Sat,Tue,08:30:AM - 09:50:AM,08:30:AM - 09:50:AM,Nishat Awal,NtAl,3
636,BSCSE,SOC 2101,"Society, Environment and Engineering Ethics",B,,,Sun,Wed,08:30:AM - 09:50:AM,08:30:AM - 09:50:AM,Nabila Sultana,NaSa,3
637,BSCSE,SOC 2101,"Society, Environment and Engineering Ethics",C,,,Sat,Tue,09:51:AM - 11:10:AM,09:51:AM - 11:10:AM,Nabila Sultana,NaSa,3
638,BSCSE,SOC 2101,"Society, Environment and Engineering Ethics",D,,,Sun,Wed,09:51:AM - 11:10:AM,09:51:AM - 11:10:AM,Taniah Mahmuda Tinni,TMT,3
639,BSCSE,SOC 2101,"Society, Environment and Engineering Ethics",E,,,Sat,Tue,11:11:AM - 12:30:PM,11:11:AM - 12:30:PM,Taniah Mahmuda Tinni,TMT,3
640,BSCSE,SOC 2101,"Society, Environment and Engineering Ethics",F,,,Sun,Wed,11:11:AM - 12:30:PM,11:11:AM - 12:30:PM,Md. Minhajul Islam,MMiIm,3
641,BSCSE,SOC 2101,"Society, Environment and Engineering Ethics",G,,,Sat,Tue,12:31:PM - 01:50:PM,12:31:PM - 01:50:PM,Nabila Sultana,NaSa,3
642,BSCSE,SOC 2101,"Society, Environment and Engineering Ethics",H,,,Sun,Wed,12:31:PM - 01:50:PM,12:31:PM - 01:50:PM,Shantanu Kumar Saha,SKS,3
643,BSCSE,SOC 2101,"Society, Environment and Engineering Ethics",I (If Required),,,Sat,Tue,01:51:PM - 03:10:PM,01:51:PM - 03:10:PM,TBA,TBA,3
644,BSDS,BIO 3107,Biology,BA,301,301,Sun,Wed,11:11:AM - 12:30:PM,11:11:AM - 12:30:PM,Khalid Shahriar,TBA,3
645,BSDS,BIO 3107,Biology,BB(If required),301,301,Sat,Tue,11:11:AM - 12:30:PM,11:11:AM - 12:30:PM,Khalid Shahriar,TBA,3
646,BSDS,CSE 2213,Discrete Mathematics,BA,,,Sun,Wed,08:30:AM - 09:50:AM,08:30:AM - 09:50:AM,Khushnur Binte Jahangir,KBJ,3
647,BSDS,CSE 2215,Data Structure and Algorithms I,BA,,,Sun,Wed,11:11:AM - 12:30:PM,11:11:AM - 12:30:PM,Charles Aunkan Gomes,CAG,3
648,BSDS,CSE 2216,Data Structure and Algorithms I Laboratory,BA,,,Sat,,11:11:AM - 01:40:PM,-,Charles Aunkan Gomes,CAG,1
649,BSDS,CSE 2217,Data Structure and Algorithms II,BA,322,322,Sat,Tue,11:11:AM - 12:30:PM,11:11:AM - 12:30:PM,Tahmid Mosaddeque,TaMo,3
650,BSDS,CSE 2217,Data Structure and Algorithms II,BB,309,309,Sun,Wed,11:11:AM - 12:30:PM,11:11:AM - 12:30:PM,Sabah Ahmed,SabAd,3
651,BSDS,CSE 2218,Data Structure and Algorithms II Laboratory,BA,426 (Computer Lab),,Sat,,08:30:AM - 11:00:AM,-,Humaira Anzum Neha,HAN,1
21,,,,,,CLASS ROUTINE 252,,,,,"monir@admin.uiu,ac.bd",,
,,,,,United International University,,,,,,,,
,,,,Course Offerings: Summer 2025 Trimester,,,,,,,,,
,,,,,,BSCSE/BSDS,,,,,,,
SL,Program,Course,Title,Section,Room1,Room2,Day1,Day2,Time1,Time2,Faculty Name,Faculty,Credit
,,Code,,,,,,,,,,Initial,
652,BSDS,CSE 2218,Data Structure and Algorithms II Laboratory,BB,427 (Computer Lab),,Sun,,08:30:AM - 11:00:AM,-,Sabah Ahmed,SabAd,1
653,BSDS,CSE 3521,Database Management Systems,BA,325,325,Sun,Wed,11:11:AM - 12:30:PM,11:11:AM - 12:30:PM,Mahmudul Hasan,MahHsn,3
654,BSDS,CSE 3521,Database Management Systems,BB,329,329,Sat,Tue,11:11:AM - 12:30:PM,11:11:AM - 12:30:PM,Mahmudul Hasan,MahHsn,3
655,BSDS,CSE 3522,Database Management Systems Laboratory,BA,529 (Computer Lab),,Sat,,08:30:AM - 11:00:AM,-,Mahmudul Hasan,MahHsn,1
656,BSDS,CSE 3522,Database Management Systems Laboratory,BB,530 (Computer Lab),,Sun,,08:30:AM - 11:00:AM,-,Mobaswirul Islam,MoIsm,1
657,BSDS,DS 1101,Fundamentals of Data Science,BA,708,708,Sat,Tue,11:11:AM - 12:30:PM,11:11:AM - 12:30:PM,Farhan Anan Himu,FAH,3
658,BSDS,DS 1101,Fundamentals of Data Science,BB,404,404,Sun,Wed,12:31:PM - 01:50:PM,12:31:PM - 01:50:PM,Farhan Anan Himu,FAH,3
659,BSDS,DS 1101,Fundamentals of Data Science,BC,402,402,Sun,Wed,11:11:AM - 12:30:PM,11:11:AM - 12:30:PM,Farhan Anan Himu,FAH,3
660,BSDS,DS 1115,Object Oriented Programming for Data Science,BA,410,410,Sat,Tue,11:11:AM - 12:30:PM,11:11:AM - 12:30:PM,Rahad Khan,RaK,3
661,BSDS,DS 1115,Object Oriented Programming for Data Science,BB,403,403,Sun,Wed,11:11:AM - 12:30:PM,11:11:AM - 12:30:PM,Md. Tanvir Raihan,MTR,3
662,BSDS,DS 1115,Object Oriented Programming for Data Science,BC,425,425,Sat,Tue,11:11:AM - 12:30:PM,11:11:AM - 12:30:PM,Iftekharul Abedeen,IAb,3
663,BSDS,DS 1116,Object Oriented Programming for Data Science Laboratory,BA,423 (Computer Lab),,Sat,,08:30:AM - 11:00:AM,-,Md. Tanvir Raihan,MTR,1
664,BSDS,DS 1116,Object Oriented Programming for Data Science Laboratory,BB,926 (Computer Lab),,Sun,,08:30:AM - 11:00:AM,-,Rahad Khan,RaK,1
665,BSDS,DS 1116,Object Oriented Programming for Data Science Laboratory,BC,826 (Computer Lab),,Tue,,08:30:AM - 11:00:AM,-,Md. Tanvir Raihan,MTR,1
666,BSDS,DS 1116,Object Oriented Programming for Data Science Laboratory,BD (If Required),626 (Computer Lab),,Wed,,08:30:AM - 11:00:AM,-,TBA,TBA,1
667,BSDS,DS 1501,Programming for Data Science,BA,,,Sun,Wed,11:11:AM - 12:30:PM,11:11:AM - 12:30:PM,Khushnur Binte Jahangir,KBJ,3
668,BSDS,DS 1501,Programming for Data Science,BB,,,Sat,Tue,11:11:AM - 12:30:PM,11:11:AM - 12:30:PM,Khushnur Binte Jahangir,KBJ,3
669,BSDS,DS 1501,Programming for Data Science,BC,,,Sun,Wed,11:11:AM - 12:30:PM,11:11:AM - 12:30:PM,Tahmid Mosaddeque,TaMo,3
670,BSDS,DS 1502,Programming for Data Science Laboratory,BA,,,Sun,,08:30:AM - 11:00:AM,-,Tahmid Mosaddeque,TaMo,1
671,BSDS,DS 1502,Programming for Data Science Laboratory,BB,,,Sat,,08:30:AM - 11:00:AM,-,Khushnur Binte Jahangir,KBJ,1
672,BSDS,DS 1502,Programming for Data Science Laboratory,BC,,,Wed,,08:30:AM - 11:00:AM,-,TBA,TBA,1
673,BSDS,DS 3101,Advanced Probability and Statistics,BA,403,,Sun,Wed,01:51:PM - 03:10:PM,01:51:PM - 03:10:PM,TBA,TBA,3
674,BSDS,DS 3521,Data Visualization,BA,406,406,Sun,Wed,11:11:AM - 12:30:PM,11:11:AM - 12:30:PM,Md. Irfanur Rahman Rafio,IRR,3
675,BSDS,DS 3521,Data Visualization,BB (If Required),407,407,Sun,Wed,09:51:AM - 11:10:AM,09:51:AM - 11:10:AM,TBA,TBA,3
676,BSDS,DS 3522,Data Visualization Laboratory,BA,529 (Computer Lab),,Mon,,08:30:AM - 11:00:AM,-,Md. Irfanur Rahman Rafio,IRR,1
677,BSDS,DS 3522,Data Visualization Laboratory,BB,530 (Computer Lab),,Mon,,11:11:AM - 01:40:PM,-,Md. Irfanur Rahman Rafio,IRR,1
678,BSDS,DS 3885,Data Wrangling,BA,405,405,Sun,Wed,08:30:AM - 09:50:AM,08:30:AM - 09:50:AM,Md. Tarek Hasan,MdTH,3
679,BSDS,MATH 1153,Advanced Calculus,BA,,,Sun,Wed,11:11:AM - 12:30:PM,11:11:AM - 12:30:PM,Mahtab Uddin,MUn,3
680,BSDS,MATH 2107,Linear Algebra,BA,428,428,Sun,Wed,12:31:PM - 01:50:PM,12:31:PM - 01:50:PM,Ashek Ahmed,AkAd,3
681,BSDS,MATH 2107,Linear Algebra,BB,708,708,Sat,Tue,01:51:PM - 03:10:PM,01:51:PM - 03:10:PM,Ashek Ahmed,AkAd,3
22,,,,,,CLASS ROUTINE 252,,,,,"monir@admin.uiu,ac.bd",,
